ID,Date,Name,Email,Gender,Age,Department,Salary,Dept_ID
870,8/5/2025,Jhlq,Jhlq@gmail.com,Female,45,Production,132460,106
184,5/1/2018,Vlug,Vlug@gmail.com,Male,53,Audit,374658,108
268,5/27/2018,Ftwe,Ftwe@gmail.com,Male,42,Audit,119440,108
311,2/21/2023,Mcsh,Mcsh@gmail.com,Male,26,Operation,297450,104
804,10/16/2018,Dutr,Dutr@gmail.com,Female,21,Administration,445911,110
163,8/18/2019,Tufn,Tufn@gmail.com,Female,32,Sales,336517,109
216,9/14/2018,Rrto,Rrto@gmail.com,Female,50,Social Media,104481,107
900,8/6/2020,Gdag,Gdag@gmail.com,Male,22,HR,442471,111
464,9/2/2019,Soqv,Soqv@gmail.com,Male,18,Operation,421524,104
677,10/20/2024,Ifwk,Ifwk@gmail.com,Male,37,Production,347051,106
819,1/18/2024,Nqga,Nqga@gmail.com,Male,28,Sales,466257,109
256,3/7/2022,Iclm,Iclm@gmail.com,Female,45,Supply Chain,285528,103
429,9/19/2023,Evso,Evso@gmail.com,Female,40,Administration,462740,110
537,12/18/2019,Pfis,Pfis@gmail.com,Female,59,Finance,171805,102
576,1/3/2025,Uiee,Uiee@gmail.com,Male,51,Administration,226580,110
672,9/25/2023,Qciv,Qciv@gmail.com,Male,17,HR,302211,111
436,2/5/2023,Synn,Synn@gmail.com,Female,38,Operation,211955,104
849,10/29/2019,Qrur,Qrur@gmail.com,Female,17,IT,173695,101
544,8/13/2023,Lxfx,Lxfx@gmail.com,Male,29,Operation,104888,104
562,12/8/2017,Njdz,Njdz@gmail.com,Male,54,Social Media,402035,107
891,1/19/2018,Ijto,Ijto@gmail.com,Male,53,Social Media,311210,107
997,1/13/2021,Xfck,Xfck@gmail.com,Female,58,Administration,430998,110
488,7/5/2023,Ykca,Ykca@gmail.com,Female,29,Finance,73456,102
954,6/25/2020,Rthb,Rthb@gmail.com,Male,18,Production,374861,106
218,1/6/2025,Ghkz,Ghkz@gmail.com,Male,27,Administration,393736,110
350,11/7/2020,Odot,Odot@gmail.com,Male,58,Sales,3641,109
927,11/23/2018,Rjaq,Rjaq@gmail.com,Female,59,Risk Management,438983,105
987,6/19/2025,Guay,Guay@gmail.com,Female,40,IT,445137,101
366,12/23/2021,Ncyg,Ncyg@gmail.com,Male,22,IT,164627,101
543,8/25/2024,Pdhq,Pdhq@gmail.com,Female,20,Sales,131086,109
355,7/18/2019,Ivhf,Ivhf@gmail.com,Male,58,HR,142298,111
583,8/30/2017,Tgtw,Tgtw@gmail.com,Male,49,Audit,102601,108
399,3/2/2022,Rcge,Rcge@gmail.com,Female,17,Finance,414667,102
570,2/8/2021,Xyvv,Xyvv@gmail.com,Male,22,HR,36233,111
479,7/3/2020,Wzbz,Wzbz@gmail.com,Female,36,Social Media,196566,107
373,2/16/2017,Kxne,Kxne@gmail.com,Female,27,Operation,215540,104
758,4/11/2021,Tacn,Tacn@gmail.com,Female,26,IT,303746,101
386,11/19/2022,Bawe,Bawe@gmail.com,Male,60,Audit,481842,108
826,12/13/2019,Mglr,Mglr@gmail.com,Female,34,HR,63302,111
208,8/17/2017,Qclb,Qclb@gmail.com,Female,51,IT,262513,101
847,8/25/2017,Wfgp,Wfgp@gmail.com,Male,56,Finance,241771,102
901,3/21/2017,Jwhu,Jwhu@gmail.com,Male,45,Risk Management,122782,105
627,2/15/2023,Lrgb,Lrgb@gmail.com,Male,47,Administration,370767,110
397,5/16/2017,Rxrh,Rxrh@gmail.com,Female,17,Finance,44584,102
438,10/30/2020,Quzc,Quzc@gmail.com,Male,18,Sales,284460,109
906,1/2/2017,Tbqa,Tbqa@gmail.com,Female,41,Production,414905,106
777,10/5/2023,Vqfc,Vqfc@gmail.com,Male,26,Operation,237907,104
739,8/29/2022,Slvl,Slvl@gmail.com,Male,43,Operation,167971,104
702,5/30/2023,Ngbv,Ngbv@gmail.com,Male,38,HR,196186,111
460,3/3/2019,Cgdp,Cgdp@gmail.com,Male,34,HR,135018,111
968,10/4/2025,Ganf,Ganf@gmail.com,Female,34,Audit,72222,108
473,6/25/2016,Okfy,Okfy@gmail.com,Female,29,Supply Chain,247324,103
698,6/22/2024,Vpbp,Vpbp@gmail.com,Female,44,Administration,286517,110
700,8/31/2020,Hkvs,Hkvs@gmail.com,Male,57,Production,6533,106
168,5/4/2017,Rhsa,Rhsa@gmail.com,Male,53,Operation,386826,104
561,10/20/2025,Ryhj,Ryhj@gmail.com,Male,36,Operation,90906,104
470,3/18/2023,Gzjm,Gzjm@gmail.com,Male,44,Administration,346392,110
310,1/31/2025,Qgcj,Qgcj@gmail.com,Female,27,Supply Chain,237209,103
285,1/16/2020,Aayh,Aayh@gmail.com,Female,23,IT,132674,101
579,3/11/2018,Ufou,Ufou@gmail.com,Male,17,Social Media,2714,107
772,10/15/2022,Crsd,Crsd@gmail.com,Male,28,Operation,101603,104
494,11/14/2016,Juxb,Juxb@gmail.com,Male,15,Social Media,9745,107
847,9/19/2024,Qoxg,Qoxg@gmail.com,Female,43,Administration,283628,110
284,8/29/2023,Baue,Baue@gmail.com,Male,21,HR,101692,111
645,9/16/2020,Gtth,Gtth@gmail.com,Female,60,Risk Management,7537,105
165,8/5/2025,Oytz,Oytz@gmail.com,Female,22,HR,163157,111
389,11/1/2024,Gktz,Gktz@gmail.com,Female,55,Sales,268923,109
598,6/3/2018,Uhzh,Uhzh@gmail.com,Female,56,Sales,256396,109
583,8/4/2020,Kbbn,Kbbn@gmail.com,Male,34,HR,321640,111
705,2/13/2019,Jrge,Jrge@gmail.com,Female,59,IT,311577,101
185,5/21/2017,Fmaz,Fmaz@gmail.com,Male,58,Audit,375565,108
548,11/19/2025,Kzed,Kzed@gmail.com,Male,59,HR,282596,111
841,4/3/2024,Prhb,Prhb@gmail.com,Female,57,Administration,106955,110
772,6/20/2023,Lgyr,Lgyr@gmail.com,Female,50,Sales,27938,109
587,11/28/2018,Rbmo,Rbmo@gmail.com,Female,20,IT,90957,101
848,10/16/2018,Qvil,Qvil@gmail.com,Female,39,Supply Chain,364304,103
600,2/8/2017,Rvde,Rvde@gmail.com,Female,22,Operation,31241,104
290,8/17/2018,Bbep,Bbep@gmail.com,Female,15,Audit,189111,108
508,3/30/2022,Hdzm,Hdzm@gmail.com,Female,38,Supply Chain,170647,103
353,4/11/2019,Nnek,Nnek@gmail.com,Female,41,Supply Chain,128083,103
306,7/23/2021,Lssi,Lssi@gmail.com,Male,30,HR,480294,111
493,12/23/2017,Jthe,Jthe@gmail.com,Male,49,Sales,284060,109
423,9/9/2019,Rjsu,Rjsu@gmail.com,Male,34,IT,388290,101
974,5/13/2017,Qpvn,Qpvn@gmail.com,Male,35,IT,455308,101
203,3/14/2023,Jxef,Jxef@gmail.com,Female,32,Supply Chain,187323,103
828,3/17/2023,Kdyf,Kdyf@gmail.com,Male,48,Production,353434,106
782,12/25/2019,Hjie,Hjie@gmail.com,Female,28,Finance,369506,102
129,7/19/2017,Cgwz,Cgwz@gmail.com,Female,42,Sales,393642,109
287,11/21/2025,Prwm,Prwm@gmail.com,Male,16,Production,498284,106
682,7/28/2017,Apyf,Apyf@gmail.com,Female,41,Audit,163941,108
382,12/26/2018,Vlly,Vlly@gmail.com,Female,28,Finance,303596,102
398,5/27/2021,Qstc,Qstc@gmail.com,Male,37,Supply Chain,346740,103
788,4/17/2022,Ughw,Ughw@gmail.com,Male,17,Risk Management,66909,105
887,11/27/2024,Oyvx,Oyvx@gmail.com,Female,56,Sales,362045,109
285,5/19/2025,Eatu,Eatu@gmail.com,Male,58,Audit,446289,108
560,4/4/2021,Krvh,Krvh@gmail.com,Male,27,Supply Chain,76362,103
440,12/28/2018,Slgo,Slgo@gmail.com,Female,29,Supply Chain,404748,103
472,4/15/2024,Awfd,Awfd@gmail.com,Male,31,IT,196340,101
409,8/28/2025,Jsbr,Jsbr@gmail.com,Female,25,Finance,477553,102
874,2/12/2025,Bkdt,Bkdt@gmail.com,Male,40,Supply Chain,453934,103
511,1/18/2017,Cidk,Cidk@gmail.com,Female,36,Risk Management,306480,105
886,9/13/2023,Pbvi,Pbvi@gmail.com,Female,59,IT,44024,101
620,5/11/2024,Cmny,Cmny@gmail.com,Male,53,Administration,45703,110
586,6/10/2022,Gvhh,Gvhh@gmail.com,Female,18,HR,474504,111
792,8/4/2024,Czfz,Czfz@gmail.com,Female,44,Finance,6259,102
313,2/4/2023,Otzm,Otzm@gmail.com,Male,29,Administration,484266,110
418,8/8/2025,Cmdy,Cmdy@gmail.com,Male,20,Supply Chain,184694,103
918,1/7/2022,Ivwn,Ivwn@gmail.com,Male,40,Social Media,320558,107
614,7/29/2025,Sqfe,Sqfe@gmail.com,Male,23,Sales,252978,109
186,7/14/2024,Pqwo,Pqwo@gmail.com,Female,53,Finance,344391,102
962,1/28/2017,Hils,Hils@gmail.com,Female,22,Supply Chain,325736,103
823,3/4/2016,Hsdt,Hsdt@gmail.com,Male,56,Operation,440109,104
573,4/11/2023,Dpxk,Dpxk@gmail.com,Male,42,Audit,95564,108
169,11/29/2019,Mzrg,Mzrg@gmail.com,Male,26,Administration,10855,110
185,5/20/2022,Ejfz,Ejfz@gmail.com,Male,40,Audit,263716,108
664,9/8/2025,Uvpe,Uvpe@gmail.com,Female,60,Audit,3162,108
646,12/26/2025,Xkhk,Xkhk@gmail.com,Male,52,Supply Chain,354349,103
960,9/1/2024,Iafl,Iafl@gmail.com,Female,39,HR,60388,111
397,3/9/2023,Emvl,Emvl@gmail.com,Female,57,IT,470723,101
995,6/23/2017,Vfce,Vfce@gmail.com,Female,45,Production,431456,106
834,9/25/2024,Hppu,Hppu@gmail.com,Female,15,Social Media,256034,107
267,12/19/2024,Movo,Movo@gmail.com,Female,18,HR,377972,111
265,3/5/2020,Whtc,Whtc@gmail.com,Female,18,Social Media,287608,107
759,12/25/2016,Ewzc,Ewzc@gmail.com,Male,36,Administration,60772,110
650,8/15/2020,Dkuu,Dkuu@gmail.com,Female,49,Operation,189166,104
957,9/25/2020,Vfmh,Vfmh@gmail.com,Female,21,Social Media,54020,107
970,2/1/2017,Lwqh,Lwqh@gmail.com,Female,22,Production,157681,106
464,2/14/2016,Gomj,Gomj@gmail.com,Male,43,Sales,74936,109
183,12/17/2018,Opji,Opji@gmail.com,Female,33,Social Media,473249,107
456,5/12/2016,Ezql,Ezql@gmail.com,Female,19,Audit,394681,108
517,10/24/2025,Kuqw,Kuqw@gmail.com,Male,41,IT,187158,101
766,1/2/2019,Layf,Layf@gmail.com,Male,51,Risk Management,24502,105
280,6/26/2024,Asda,Asda@gmail.com,Male,35,Supply Chain,110550,103
943,5/7/2021,Vjbm,Vjbm@gmail.com,Female,37,Social Media,335363,107
134,4/2/2017,Fjhi,Fjhi@gmail.com,Female,39,Operation,349209,104
253,12/29/2016,Rqdw,Rqdw@gmail.com,Female,57,Audit,443820,108
301,6/9/2019,View,View@gmail.com,Female,43,Social Media,495822,107
591,4/30/2025,Zmzv,Zmzv@gmail.com,Female,30,Finance,371279,102
286,5/16/2023,Xctn,Xctn@gmail.com,Female,20,Sales,225989,109
313,6/2/2017,Jnej,Jnej@gmail.com,Female,32,Supply Chain,285044,103
272,6/17/2020,Tsxt,Tsxt@gmail.com,Female,29,HR,149397,111
553,3/11/2018,Zcug,Zcug@gmail.com,Female,23,Social Media,103190,107
456,10/13/2022,Tpfq,Tpfq@gmail.com,Female,22,Sales,276395,109
662,7/19/2023,Wxea,Wxea@gmail.com,Male,52,Social Media,457614,107
784,6/14/2019,Podd,Podd@gmail.com,Female,26,Audit,174381,108
900,4/12/2022,Enpo,Enpo@gmail.com,Female,40,Social Media,316606,107
686,12/29/2021,Vodj,Vodj@gmail.com,Female,39,Social Media,441354,107
437,1/13/2021,Qwmq,Qwmq@gmail.com,Female,21,HR,467866,111
236,2/25/2017,Dhbl,Dhbl@gmail.com,Female,49,Supply Chain,435502,103
591,10/9/2025,Zntm,Zntm@gmail.com,Male,17,Social Media,78215,107
426,2/9/2024,Byxv,Byxv@gmail.com,Female,38,Administration,338199,110
473,10/21/2024,Jggj,Jggj@gmail.com,Male,25,Finance,393704,102
950,4/5/2016,Qabg,Qabg@gmail.com,Male,19,Sales,73495,109
326,4/16/2017,Hndb,Hndb@gmail.com,Female,15,Administration,265360,110
568,7/13/2024,Ogzo,Ogzo@gmail.com,Male,32,Production,158234,106
292,11/22/2021,Tsrg,Tsrg@gmail.com,Female,22,Sales,336113,109
183,12/13/2024,Ilsn,Ilsn@gmail.com,Female,35,IT,69967,101
286,5/10/2022,Wpyv,Wpyv@gmail.com,Female,47,Social Media,9885,107
313,12/18/2021,Fgtt,Fgtt@gmail.com,Male,37,Operation,348215,104
337,5/7/2018,Yljj,Yljj@gmail.com,Female,51,Supply Chain,23952,103
977,4/11/2017,Onul,Onul@gmail.com,Male,37,Audit,447408,108
994,4/4/2025,Ndsi,Ndsi@gmail.com,Female,19,Sales,222539,109
923,6/20/2023,Atbf,Atbf@gmail.com,Male,30,Audit,145570,108
206,10/25/2018,Lucc,Lucc@gmail.com,Female,28,Administration,336358,110
787,12/31/2024,Lfir,Lfir@gmail.com,Male,46,Production,109304,106
481,1/15/2025,Lykc,Lykc@gmail.com,Female,56,Finance,455705,102
882,7/6/2022,Gugk,Gugk@gmail.com,Male,36,Operation,437924,104
212,5/5/2018,Zcdr,Zcdr@gmail.com,Female,57,Audit,21295,108
802,11/27/2017,Ocox,Ocox@gmail.com,Female,40,Audit,334933,108
987,11/17/2019,Sdmo,Sdmo@gmail.com,Male,57,Finance,95894,102
811,6/21/2017,Urbm,Urbm@gmail.com,Female,44,Audit,196326,108
807,12/6/2025,Yxyo,Yxyo@gmail.com,Male,19,Risk Management,373114,105
270,12/30/2017,Shwy,Shwy@gmail.com,Female,20,HR,334086,111
513,4/14/2020,Evlm,Evlm@gmail.com,Female,56,Operation,452722,104
578,7/23/2025,Phlg,Phlg@gmail.com,Female,17,Risk Management,75735,105
454,4/3/2018,Pdyl,Pdyl@gmail.com,Male,51,Audit,119632,108
698,3/9/2023,Sukk,Sukk@gmail.com,Male,15,IT,168244,101
110,6/27/2020,Vuwo,Vuwo@gmail.com,Female,15,Sales,139633,109
279,2/21/2017,Fvtl,Fvtl@gmail.com,Male,52,Supply Chain,385158,103
616,12/9/2024,Trph,Trph@gmail.com,Female,19,HR,404034,111
942,8/3/2016,Nfos,Nfos@gmail.com,Female,33,Supply Chain,82125,103
320,3/26/2025,Szem,Szem@gmail.com,Male,41,Social Media,386533,107
710,10/22/2016,Wybm,Wybm@gmail.com,Female,59,Sales,474827,109
373,4/24/2020,Rqer,Rqer@gmail.com,Male,15,Finance,302685,102
734,7/21/2018,Dytz,Dytz@gmail.com,Female,42,Audit,128694,108
602,2/15/2019,Prch,Prch@gmail.com,Female,45,Finance,288467,102
915,9/2/2016,Pcbq,Pcbq@gmail.com,Male,31,Finance,130043,102
272,7/5/2019,Eoeh,Eoeh@gmail.com,Male,58,Supply Chain,69254,103
903,7/17/2017,Zpuv,Zpuv@gmail.com,Female,33,Finance,375696,102
280,4/4/2019,Ermh,Ermh@gmail.com,Female,36,Supply Chain,51572,103
910,8/10/2019,Yxav,Yxav@gmail.com,Female,47,IT,390994,101
643,3/24/2022,Cnkg,Cnkg@gmail.com,Male,40,Administration,129849,110
157,12/1/2020,Idho,Idho@gmail.com,Female,58,Risk Management,97373,105
491,8/24/2025,Zzqr,Zzqr@gmail.com,Female,47,IT,261284,101
135,2/14/2024,Bwsq,Bwsq@gmail.com,Female,57,Sales,407768,109
882,10/8/2017,Cwau,Cwau@gmail.com,Female,48,IT,321744,101
909,12/21/2021,Mqmd,Mqmd@gmail.com,Female,43,Supply Chain,227111,103
122,9/14/2023,Cqqq,Cqqq@gmail.com,Male,35,Sales,416989,109
809,1/20/2016,Ieaz,Ieaz@gmail.com,Male,18,Risk Management,272012,105
277,8/11/2023,Syfe,Syfe@gmail.com,Female,26,Audit,241331,108
656,4/21/2018,Lhbm,Lhbm@gmail.com,Female,57,Social Media,220950,107
968,5/5/2018,Lwzu,Lwzu@gmail.com,Male,15,Social Media,481853,107
381,12/8/2021,Zuev,Zuev@gmail.com,Female,16,HR,338038,111
828,10/25/2018,Iaen,Iaen@gmail.com,Female,35,Operation,410592,104
828,12/18/2020,Ckdk,Ckdk@gmail.com,Male,31,Audit,457230,108
602,11/1/2023,Bkxs,Bkxs@gmail.com,Female,41,Sales,251307,109
733,12/25/2025,Lcel,Lcel@gmail.com,Female,18,Risk Management,171098,105
565,12/22/2020,Petc,Petc@gmail.com,Male,42,Operation,275294,104
229,10/12/2018,Csgi,Csgi@gmail.com,Male,36,Administration,432162,110
828,2/1/2020,Bsyp,Bsyp@gmail.com,Male,26,Administration,203636,110
494,1/1/2024,Gzhw,Gzhw@gmail.com,Female,47,Supply Chain,87794,103
704,9/13/2023,Xgcg,Xgcg@gmail.com,Female,44,Social Media,332727,107
671,9/29/2021,Jzmb,Jzmb@gmail.com,Male,48,HR,196720,111
663,6/20/2020,Ofpz,Ofpz@gmail.com,Male,19,Production,33605,106
959,11/11/2019,Cepl,Cepl@gmail.com,Female,15,Operation,13330,104
273,2/5/2018,Mnjf,Mnjf@gmail.com,Male,25,Audit,375332,108
866,7/8/2021,Srzr,Srzr@gmail.com,Female,15,Social Media,163867,107
661,2/18/2024,Vzqi,Vzqi@gmail.com,Male,55,Supply Chain,140124,103
568,7/23/2024,Rlvu,Rlvu@gmail.com,Male,41,Sales,218682,109
413,7/16/2022,Fyvd,Fyvd@gmail.com,Female,34,Finance,412670,102
630,3/9/2020,Dvux,Dvux@gmail.com,Male,23,IT,35911,101
287,9/29/2023,Bcaa,Bcaa@gmail.com,Male,37,Sales,444236,109
730,12/30/2017,Niov,Niov@gmail.com,Female,15,Supply Chain,325005,103
874,12/14/2018,Exrb,Exrb@gmail.com,Female,29,Operation,277876,104
866,7/18/2020,Yqrb,Yqrb@gmail.com,Male,32,IT,208771,101
438,2/2/2016,Xxkn,Xxkn@gmail.com,Female,49,Supply Chain,232337,103
343,12/21/2024,Mwva,Mwva@gmail.com,Male,25,Risk Management,443234,105
348,5/26/2021,Djkz,Djkz@gmail.com,Male,32,Social Media,257208,107
784,10/4/2019,Fbkl,Fbkl@gmail.com,Female,49,Finance,94642,102
363,3/15/2018,Yzvv,Yzvv@gmail.com,Female,56,Administration,311104,110
570,5/23/2024,Fkyg,Fkyg@gmail.com,Male,26,IT,72830,101
532,6/29/2022,Codh,Codh@gmail.com,Female,54,Supply Chain,21607,103
276,5/29/2024,Xxek,Xxek@gmail.com,Male,59,Operation,307980,104
428,3/11/2023,Mawv,Mawv@gmail.com,Male,17,HR,411383,111
754,1/7/2021,Hbpz,Hbpz@gmail.com,Male,52,Operation,349669,104
896,10/3/2019,Blaw,Blaw@gmail.com,Male,27,Supply Chain,89762,103
863,4/28/2025,Ihdn,Ihdn@gmail.com,Male,27,HR,237269,111
691,7/1/2020,Dmzh,Dmzh@gmail.com,Female,15,Finance,281713,102
636,12/17/2016,Sxcy,Sxcy@gmail.com,Male,41,Audit,64967,108
108,5/13/2016,Onuy,Onuy@gmail.com,Male,32,IT,5450,101
789,10/14/2022,Fdgq,Fdgq@gmail.com,Male,37,Audit,415963,108
294,9/30/2018,Dobc,Dobc@gmail.com,Male,43,Risk Management,268305,105
813,10/2/2020,Spdi,Spdi@gmail.com,Male,56,Administration,449361,110
387,5/22/2019,Ubwi,Ubwi@gmail.com,Male,25,IT,1690,101
882,8/23/2018,Qmaf,Qmaf@gmail.com,Female,46,Production,26792,106
508,11/20/2023,Unbd,Unbd@gmail.com,Female,25,Audit,119929,108
918,3/31/2020,Dfdp,Dfdp@gmail.com,Male,26,Administration,472877,110
449,2/4/2025,Sjqj,Sjqj@gmail.com,Female,46,IT,200710,101
572,3/18/2019,Wnpk,Wnpk@gmail.com,Male,17,Production,471510,106
952,5/11/2022,Iziw,Iziw@gmail.com,Male,45,IT,473234,101
534,11/29/2022,Gbjt,Gbjt@gmail.com,Male,49,HR,285796,111
848,6/24/2025,Nrpf,Nrpf@gmail.com,Female,29,HR,433155,111
931,8/24/2021,Ivot,Ivot@gmail.com,Male,31,Operation,284021,104
772,9/11/2023,Acft,Acft@gmail.com,Male,33,Risk Management,236548,105
983,5/5/2025,Hkad,Hkad@gmail.com,Female,20,Finance,39991,102
249,9/18/2019,Zxgn,Zxgn@gmail.com,Female,16,Supply Chain,356201,103
179,2/12/2018,Ttlm,Ttlm@gmail.com,Female,33,Operation,327846,104
450,6/4/2018,Juls,Juls@gmail.com,Male,52,Administration,234490,110
961,7/6/2025,Uwfp,Uwfp@gmail.com,Male,30,Social Media,213874,107
385,6/28/2016,Zwbv,Zwbv@gmail.com,Female,50,Production,118100,106
309,4/16/2023,Fttv,Fttv@gmail.com,Male,33,Sales,206110,109
567,4/22/2020,Lxsc,Lxsc@gmail.com,Female,37,Risk Management,327126,105
129,3/21/2018,Qkgu,Qkgu@gmail.com,Female,43,Production,59360,106
121,3/25/2016,Gfsk,Gfsk@gmail.com,Female,44,Supply Chain,8198,103
599,9/29/2019,Tdle,Tdle@gmail.com,Female,29,Operation,281205,104
352,1/30/2018,Dblb,Dblb@gmail.com,Female,59,Administration,229068,110
693,8/2/2016,Fgnq,Fgnq@gmail.com,Male,38,IT,41366,101
798,7/24/2023,Seww,Seww@gmail.com,Male,49,IT,382553,101
992,12/1/2016,Awmu,Awmu@gmail.com,Female,58,Administration,317017,110
629,2/18/2025,Pmjk,Pmjk@gmail.com,Male,46,Sales,184625,109
908,5/3/2025,Xiro,Xiro@gmail.com,Male,57,Social Media,158193,107
910,12/6/2016,Lpgh,Lpgh@gmail.com,Female,57,HR,321660,111
521,9/11/2022,Drto,Drto@gmail.com,Male,34,Finance,499781,102
329,12/19/2018,Fiik,Fiik@gmail.com,Male,17,Sales,427064,109
126,4/19/2023,Skht,Skht@gmail.com,Female,17,Operation,107754,104
245,1/14/2017,Ofyy,Ofyy@gmail.com,Female,21,Social Media,78617,107
414,11/10/2017,Sidc,Sidc@gmail.com,Male,55,Supply Chain,338434,103
501,2/1/2024,Tsmz,Tsmz@gmail.com,Male,30,Administration,211446,110
193,3/6/2016,Kufk,Kufk@gmail.com,Male,51,Finance,211159,102
308,6/13/2023,Vmli,Vmli@gmail.com,Female,29,Social Media,331593,107
244,4/26/2016,Yhxj,Yhxj@gmail.com,Male,45,Production,76222,106
613,1/2/2017,Aoii,Aoii@gmail.com,Female,15,Audit,283669,108
168,2/23/2021,Uifl,Uifl@gmail.com,Male,17,Sales,413253,109
164,4/19/2021,Oscs,Oscs@gmail.com,Male,24,IT,131100,101
231,11/11/2022,Dcdw,Dcdw@gmail.com,Male,15,Supply Chain,470585,103
269,3/13/2017,Llxw,Llxw@gmail.com,Male,55,Audit,422523,108
307,11/13/2018,Nwej,Nwej@gmail.com,Female,36,Risk Management,2997,105
113,2/18/2022,Icbz,Icbz@gmail.com,Female,48,Production,464623,106
316,2/12/2020,Wbvl,Wbvl@gmail.com,Male,37,Supply Chain,234739,103
822,3/18/2019,Coze,Coze@gmail.com,Male,17,Administration,158225,110
434,8/10/2023,Zkkq,Zkkq@gmail.com,Male,29,IT,291073,101
989,6/9/2023,Fbqz,Fbqz@gmail.com,Male,19,Social Media,315302,107
651,2/28/2024,Etev,Etev@gmail.com,Male,18,Supply Chain,44466,103
194,1/31/2024,Nekb,Nekb@gmail.com,Male,45,Sales,102980,109
680,10/25/2017,Ujil,Ujil@gmail.com,Female,45,Social Media,27626,107
794,11/27/2024,Hvta,Hvta@gmail.com,Female,48,Finance,12174,102
531,5/8/2021,Biby,Biby@gmail.com,Male,27,Audit,417042,108
807,12/9/2024,Dbig,Dbig@gmail.com,Male,16,Supply Chain,167453,103
587,11/22/2016,Dzwr,Dzwr@gmail.com,Female,47,Production,450219,106
337,5/6/2017,Jnfs,Jnfs@gmail.com,Female,31,HR,39807,111
948,8/9/2017,Ynzw,Ynzw@gmail.com,Female,34,Administration,178615,110
232,3/1/2018,Qhrq,Qhrq@gmail.com,Female,33,Operation,220747,104
429,6/16/2021,Bnjz,Bnjz@gmail.com,Female,56,Supply Chain,294056,103
407,10/4/2019,Tkij,Tkij@gmail.com,Female,40,Finance,380034,102
680,9/16/2024,Oput,Oput@gmail.com,Female,56,Supply Chain,95350,103
224,12/3/2020,Wbtk,Wbtk@gmail.com,Female,49,Supply Chain,265264,103
591,5/18/2022,Eyvo,Eyvo@gmail.com,Male,28,Risk Management,283959,105
930,3/16/2022,Vtri,Vtri@gmail.com,Female,19,Supply Chain,79964,103
798,12/8/2025,Jner,Jner@gmail.com,Male,52,Administration,276642,110
263,3/13/2019,Bxrp,Bxrp@gmail.com,Male,38,HR,252977,111
583,12/9/2025,Nrsp,Nrsp@gmail.com,Male,59,HR,476775,111
250,1/10/2022,Zsxo,Zsxo@gmail.com,Male,43,Finance,459283,102
598,8/25/2016,Wozg,Wozg@gmail.com,Male,33,Social Media,125300,107
895,3/8/2021,Rcwy,Rcwy@gmail.com,Male,50,Sales,98442,109
427,11/19/2023,Matn,Matn@gmail.com,Male,15,Supply Chain,271530,103
480,4/1/2022,Yrop,Yrop@gmail.com,Male,47,Finance,213180,102
951,1/3/2022,Uckn,Uckn@gmail.com,Male,22,Sales,474405,109
115,9/20/2016,Cmoh,Cmoh@gmail.com,Female,34,IT,392008,101
403,4/2/2021,Hguo,Hguo@gmail.com,Female,56,Administration,184730,110
779,9/22/2024,Sgdw,Sgdw@gmail.com,Female,25,Supply Chain,102196,103
107,9/12/2019,Lxtg,Lxtg@gmail.com,Male,29,Social Media,77797,107
647,3/13/2019,Pofg,Pofg@gmail.com,Female,31,Audit,331327,108
706,11/3/2022,Qwax,Qwax@gmail.com,Male,30,Audit,44332,108
915,1/28/2018,Btir,Btir@gmail.com,Male,16,Social Media,479448,107
474,10/31/2019,Wcct,Wcct@gmail.com,Male,56,Production,293336,106
963,9/18/2022,Bifr,Bifr@gmail.com,Female,27,Supply Chain,425627,103
957,8/16/2025,Mlqe,Mlqe@gmail.com,Male,34,IT,370670,101
836,3/25/2021,Eqrz,Eqrz@gmail.com,Female,39,Operation,187913,104
690,4/19/2022,Xcfm,Xcfm@gmail.com,Female,18,Social Media,198690,107
891,12/20/2019,Bhpi,Bhpi@gmail.com,Male,15,Production,454132,106
578,1/16/2018,Qnzq,Qnzq@gmail.com,Male,48,Social Media,436132,107
610,2/11/2022,Ijky,Ijky@gmail.com,Male,48,Production,184644,106
650,2/20/2017,Tedd,Tedd@gmail.com,Female,28,Finance,409217,102
696,5/14/2023,Mxev,Mxev@gmail.com,Male,16,HR,171131,111
315,1/6/2023,Nidx,Nidx@gmail.com,Male,56,Audit,459557,108
464,6/18/2021,Gyct,Gyct@gmail.com,Female,59,Supply Chain,45266,103
129,12/9/2016,Essa,Essa@gmail.com,Male,51,Social Media,35778,107
622,10/7/2019,Gdex,Gdex@gmail.com,Female,50,Operation,256694,104
962,8/4/2019,Weqv,Weqv@gmail.com,Male,36,Social Media,32990,107
979,10/14/2016,Qikl,Qikl@gmail.com,Female,33,Production,261257,106
544,1/27/2017,Mlce,Mlce@gmail.com,Female,17,Social Media,154629,107
102,4/27/2024,Eayu,Eayu@gmail.com,Female,52,Audit,481679,108
281,4/15/2024,Fcil,Fcil@gmail.com,Female,60,Risk Management,394955,105
707,7/1/2024,Oecw,Oecw@gmail.com,Female,55,HR,86884,111
840,6/7/2021,Yoph,Yoph@gmail.com,Male,44,Finance,31641,102
448,4/1/2017,Ggtq,Ggtq@gmail.com,Female,53,Operation,241160,104
146,12/14/2022,Slzt,Slzt@gmail.com,Male,40,Supply Chain,127251,103
779,12/7/2022,Wxak,Wxak@gmail.com,Female,50,Supply Chain,116437,103
342,10/19/2024,Uceo,Uceo@gmail.com,Male,23,Administration,269118,110
107,7/3/2021,Clsl,Clsl@gmail.com,Female,27,Sales,285111,109
191,3/6/2018,Qenm,Qenm@gmail.com,Male,17,Finance,406525,102
645,8/12/2020,Zfue,Zfue@gmail.com,Female,45,IT,412354,101
220,5/16/2022,Oiil,Oiil@gmail.com,Female,20,Audit,276962,108
216,8/9/2022,Iroy,Iroy@gmail.com,Male,40,IT,80700,101
166,2/11/2017,Crcb,Crcb@gmail.com,Male,49,Operation,385290,104
772,11/16/2019,Tjey,Tjey@gmail.com,Female,43,Administration,307520,110
516,11/3/2018,Tpmf,Tpmf@gmail.com,Male,54,Audit,182327,108
809,5/2/2024,Uwkf,Uwkf@gmail.com,Male,46,Production,11043,106
660,12/26/2020,Xrqb,Xrqb@gmail.com,Female,21,Supply Chain,122534,103
498,7/1/2017,Smuu,Smuu@gmail.com,Male,52,Finance,244353,102
912,9/21/2023,Excx,Excx@gmail.com,Male,31,Operation,495873,104
619,9/2/2020,Esrf,Esrf@gmail.com,Male,35,Production,220604,106
629,9/17/2017,Wrps,Wrps@gmail.com,Female,17,IT,443558,101
991,4/13/2018,Dapm,Dapm@gmail.com,Female,48,Social Media,416821,107
905,1/6/2020,Xttu,Xttu@gmail.com,Male,28,Social Media,386939,107
788,7/20/2021,Ikfd,Ikfd@gmail.com,Male,59,Production,295422,106
827,1/23/2020,Vljv,Vljv@gmail.com,Female,57,Audit,181894,108
230,8/19/2022,Pixc,Pixc@gmail.com,Female,29,Risk Management,27062,105
567,1/15/2024,Qgny,Qgny@gmail.com,Female,32,Risk Management,357666,105
813,1/27/2021,Nuqj,Nuqj@gmail.com,Male,58,Supply Chain,342002,103
996,12/27/2018,Cseg,Cseg@gmail.com,Female,22,Audit,76510,108
687,3/15/2021,Bezf,Bezf@gmail.com,Male,46,Social Media,454135,107
680,6/27/2018,Nbgi,Nbgi@gmail.com,Male,21,Supply Chain,50104,103
336,10/22/2020,Qavv,Qavv@gmail.com,Female,15,Audit,187148,108
831,5/14/2018,Twkn,Twkn@gmail.com,Male,20,IT,151387,101
712,10/3/2023,Sket,Sket@gmail.com,Female,16,Supply Chain,437784,103
958,7/26/2024,Fgjr,Fgjr@gmail.com,Male,47,Finance,358443,102
472,8/14/2023,Swnw,Swnw@gmail.com,Female,35,Social Media,308820,107
159,9/2/2018,Lrmj,Lrmj@gmail.com,Male,47,Administration,286061,110
123,4/23/2021,Dyfd,Dyfd@gmail.com,Female,50,Audit,103485,108
564,6/2/2020,Szff,Szff@gmail.com,Male,46,Production,170379,106
325,5/27/2022,Wcpe,Wcpe@gmail.com,Female,23,Operation,39400,104
881,5/23/2022,Aadp,Aadp@gmail.com,Male,51,IT,190314,101
929,4/14/2018,Pzwl,Pzwl@gmail.com,Male,60,Risk Management,39387,105
417,8/7/2023,Fvpq,Fvpq@gmail.com,Female,58,Social Media,236892,107
992,6/8/2021,Ylqi,Ylqi@gmail.com,Female,54,Social Media,120277,107
502,12/30/2021,Lhxq,Lhxq@gmail.com,Male,52,Risk Management,106262,105
100,6/14/2022,Tyqn,Tyqn@gmail.com,Female,39,IT,45239,101
989,5/2/2019,Qlup,Qlup@gmail.com,Male,32,Social Media,415740,107
573,3/9/2020,Ffze,Ffze@gmail.com,Male,41,Operation,318967,104
853,6/23/2016,Zkea,Zkea@gmail.com,Female,38,Audit,105173,108
652,4/30/2020,Vjpi,Vjpi@gmail.com,Female,55,Production,282829,106
939,8/31/2016,Hjih,Hjih@gmail.com,Male,35,Sales,431347,109
330,2/2/2017,Vmga,Vmga@gmail.com,Female,16,IT,25916,101
123,6/24/2021,Lpxt,Lpxt@gmail.com,Male,53,Operation,214016,104
242,6/12/2019,Yadu,Yadu@gmail.com,Male,31,Operation,325934,104
523,8/18/2020,Ewch,Ewch@gmail.com,Male,38,Risk Management,316868,105
596,10/5/2016,Egcl,Egcl@gmail.com,Male,25,Sales,200233,109
692,1/23/2022,Axxe,Axxe@gmail.com,Female,27,Production,10680,106
366,1/12/2016,Yvuj,Yvuj@gmail.com,Female,19,Administration,341512,110
523,5/8/2019,Arxk,Arxk@gmail.com,Male,16,Social Media,59584,107
469,7/17/2025,Fewv,Fewv@gmail.com,Female,26,Social Media,407652,107
974,5/1/2023,Vfky,Vfky@gmail.com,Male,39,Production,239598,106
987,6/30/2016,Aqoz,Aqoz@gmail.com,Female,40,Finance,95076,102
560,11/9/2025,Ccgl,Ccgl@gmail.com,Female,52,HR,171627,111
628,12/25/2022,Tabi,Tabi@gmail.com,Male,53,Social Media,238961,107
451,3/8/2024,Dkya,Dkya@gmail.com,Male,30,IT,91490,101
712,3/11/2018,Egps,Egps@gmail.com,Male,20,Administration,17131,110
388,6/11/2021,Teas,Teas@gmail.com,Female,49,Social Media,416760,107
394,8/27/2021,Jwcy,Jwcy@gmail.com,Male,15,IT,94902,101
385,10/10/2020,Cfot,Cfot@gmail.com,Male,41,Operation,48407,104
656,9/26/2017,Fhco,Fhco@gmail.com,Female,15,IT,176067,101
986,6/1/2022,Ijeb,Ijeb@gmail.com,Female,47,Finance,372066,102
510,7/23/2020,Lztn,Lztn@gmail.com,Male,27,Finance,107771,102
268,2/16/2016,Qacl,Qacl@gmail.com,Male,26,HR,228005,111
639,4/29/2017,Lvfu,Lvfu@gmail.com,Male,47,Operation,215409,104
809,11/20/2022,Vftq,Vftq@gmail.com,Male,26,IT,129876,101
767,11/21/2021,Cgts,Cgts@gmail.com,Female,55,Sales,377534,109
201,3/3/2020,Puby,Puby@gmail.com,Female,60,Production,22824,106
661,4/12/2018,Murl,Murl@gmail.com,Male,43,IT,252213,101
665,8/11/2020,Kesm,Kesm@gmail.com,Female,52,Risk Management,413873,105
989,10/13/2019,Wyjg,Wyjg@gmail.com,Male,32,HR,63465,111
405,6/12/2024,Puwy,Puwy@gmail.com,Male,26,Administration,438392,110
682,9/5/2017,Rhni,Rhni@gmail.com,Female,17,IT,10546,101
560,3/1/2020,Iexo,Iexo@gmail.com,Male,22,Finance,373701,102
873,1/14/2017,Iedt,Iedt@gmail.com,Male,15,Operation,28985,104
737,8/5/2024,Diqp,Diqp@gmail.com,Male,16,Supply Chain,493870,103
713,9/24/2024,Nblz,Nblz@gmail.com,Female,29,Operation,499140,104
681,8/16/2021,Fahd,Fahd@gmail.com,Female,59,Administration,120944,110
628,3/7/2024,Ndpw,Ndpw@gmail.com,Female,40,Production,346362,106
529,8/13/2025,Dcjz,Dcjz@gmail.com,Male,25,Audit,450924,108
953,5/16/2018,Lxuw,Lxuw@gmail.com,Female,16,Operation,66846,104
703,6/28/2016,Fgja,Fgja@gmail.com,Male,17,Finance,411173,102
505,5/10/2021,Tucn,Tucn@gmail.com,Female,55,Supply Chain,98106,103
530,12/9/2020,Sief,Sief@gmail.com,Female,27,Social Media,116815,107
258,4/23/2024,Nwem,Nwem@gmail.com,Female,37,Production,487660,106
992,3/18/2022,Xlub,Xlub@gmail.com,Female,39,Production,267255,106
787,10/6/2016,Cxpq,Cxpq@gmail.com,Female,51,Social Media,147884,107
735,8/18/2016,Myzz,Myzz@gmail.com,Female,48,IT,215697,101
418,10/24/2024,Jcwx,Jcwx@gmail.com,Female,16,Audit,262748,108
445,2/27/2016,Ovvh,Ovvh@gmail.com,Male,40,Social Media,160318,107
260,7/30/2023,Bcsi,Bcsi@gmail.com,Female,48,Sales,172345,109
420,10/18/2024,Wthw,Wthw@gmail.com,Male,40,Audit,321581,108
380,4/29/2024,Ndvu,Ndvu@gmail.com,Male,51,Risk Management,144517,105
158,5/11/2020,Xege,Xege@gmail.com,Male,34,Administration,317797,110
251,10/25/2016,Ceum,Ceum@gmail.com,Female,52,IT,108437,101
155,12/20/2022,Rzts,Rzts@gmail.com,Male,44,Administration,150945,110
708,4/7/2019,Erzh,Erzh@gmail.com,Female,47,Supply Chain,183588,103
157,3/7/2020,Avrf,Avrf@gmail.com,Male,29,HR,419071,111
582,9/27/2020,Hiha,Hiha@gmail.com,Male,36,Risk Management,373592,105
816,7/4/2017,Fkgx,Fkgx@gmail.com,Female,54,Audit,276600,108
237,2/9/2022,Jdpk,Jdpk@gmail.com,Female,17,Sales,381911,109
758,8/21/2023,Ycxu,Ycxu@gmail.com,Female,29,Risk Management,157865,105
803,8/22/2019,Tytd,Tytd@gmail.com,Female,60,Finance,282145,102
213,4/8/2019,Bezb,Bezb@gmail.com,Male,18,HR,327100,111
736,5/2/2017,Aoyo,Aoyo@gmail.com,Female,50,Supply Chain,366190,103
373,9/3/2020,Qhpy,Qhpy@gmail.com,Female,58,Sales,378358,109
160,4/2/2017,Srgl,Srgl@gmail.com,Male,48,Audit,287026,108
409,7/29/2025,Abym,Abym@gmail.com,Female,54,Audit,488649,108
374,12/30/2023,Xylb,Xylb@gmail.com,Male,51,Audit,302419,108
430,10/27/2020,Agpf,Agpf@gmail.com,Female,42,HR,347780,111
535,9/8/2016,Xjgk,Xjgk@gmail.com,Male,33,Production,21394,106
141,11/1/2023,Nehr,Nehr@gmail.com,Female,27,IT,244527,101
907,1/28/2025,Sgsn,Sgsn@gmail.com,Female,41,Finance,112142,102
604,6/17/2017,Rhed,Rhed@gmail.com,Female,58,Finance,255724,102
655,9/19/2021,Lnkt,Lnkt@gmail.com,Female,58,Administration,73362,110
341,5/2/2022,Qozh,Qozh@gmail.com,Male,36,Social Media,372852,107
777,4/1/2020,Oucb,Oucb@gmail.com,Male,40,Social Media,307069,107
296,7/23/2025,Ajrb,Ajrb@gmail.com,Male,43,IT,108811,101
120,3/29/2020,Jilh,Jilh@gmail.com,Female,47,Risk Management,42274,105
358,6/3/2016,Pkgw,Pkgw@gmail.com,Male,21,Supply Chain,264366,103
364,7/16/2016,Jrpm,Jrpm@gmail.com,Male,17,Finance,243671,102
221,4/18/2022,Xxqw,Xxqw@gmail.com,Male,54,Production,241320,106
679,9/3/2025,Lqsv,Lqsv@gmail.com,Female,19,Finance,330755,102
578,4/20/2022,Ljnj,Ljnj@gmail.com,Female,48,Finance,392160,102
448,9/6/2022,Hbrr,Hbrr@gmail.com,Male,48,Risk Management,250360,105
226,8/29/2023,Vatm,Vatm@gmail.com,Female,27,Administration,105658,110
997,8/7/2025,Bvjr,Bvjr@gmail.com,Female,24,Supply Chain,359734,103
433,6/2/2020,Ffeh,Ffeh@gmail.com,Male,15,Audit,49372,108
132,7/12/2018,Xxhd,Xxhd@gmail.com,Female,33,Production,303225,106
342,4/2/2018,Pema,Pema@gmail.com,Female,18,IT,310971,101
546,10/23/2018,Qytz,Qytz@gmail.com,Female,28,Supply Chain,138419,103
699,7/22/2020,Wfdf,Wfdf@gmail.com,Female,54,Operation,47348,104
928,5/12/2024,Vvnx,Vvnx@gmail.com,Male,18,Social Media,144584,107
157,9/27/2018,Rgvm,Rgvm@gmail.com,Female,39,Social Media,183177,107
244,1/14/2017,Mcqe,Mcqe@gmail.com,Female,28,Audit,358101,108
834,1/5/2019,Amhv,Amhv@gmail.com,Female,21,Supply Chain,25438,103
752,2/28/2019,Lylx,Lylx@gmail.com,Female,54,IT,411071,101
201,9/24/2017,Rxgy,Rxgy@gmail.com,Female,46,Risk Management,7691,105
633,1/17/2024,Ustn,Ustn@gmail.com,Female,24,Audit,241844,108
696,11/28/2019,Rlxp,Rlxp@gmail.com,Female,48,HR,376879,111
512,9/6/2016,Sbra,Sbra@gmail.com,Female,59,Operation,396092,104
350,10/2/2018,Oult,Oult@gmail.com,Female,17,HR,31035,111
531,12/31/2019,Taic,Taic@gmail.com,Male,24,Finance,387689,102
799,12/22/2025,Gldi,Gldi@gmail.com,Female,30,Social Media,36122,107
833,2/4/2017,Vikl,Vikl@gmail.com,Male,23,Sales,183596,109
517,4/30/2017,Tqmp,Tqmp@gmail.com,Male,36,Sales,37886,109
399,2/7/2018,Ycde,Ycde@gmail.com,Female,22,Production,252704,106
732,4/4/2021,Wwwl,Wwwl@gmail.com,Male,56,Supply Chain,396914,103
827,1/27/2017,Bfxr,Bfxr@gmail.com,Male,46,Supply Chain,459800,103
