ID,HiredDate,Name,Email,Gender,Age,Department,salary,Dept_ID,Province,City,DOB
870,8/5/2025 0:00,Jhlq,Jhlq@gmail.com,Female,45,Production,132460,106,Sindh,Karachiá,2/11/1984
184,5/1/2018 0:00,Vlug,Vlug@gmail.com,Male,53,Audit,374658,108,Balochistan,Turbat,6/27/1985
268,5/27/2018 0:00,Ftwe,Ftwe@gmail.com,Male,42,Audit,119440,108,Balochistan,Turbat,5/3/2003
311,2/21/2023 0:00,Mcsh,Mcsh@gmail.com,Male,26,Operation,297450,104,Sindh,Sukkurá,2/27/1992
804,10/16/2018 0:00,Dutr,Dutr@gmail.com,Female,21,Administration,445911,110,KPK,Kohat,12/17/1999
163,8/18/2019 0:00,Tufn,Tufn@gmail.com,Female,32,Sales,336517,109,Punjab,Faisalabad,9/20/1993
216,9/14/2018 0:00,Rrto,Rrto@gmail.com,Female,50,Social Media,104481,107,Punjab,Faisalabad,9/17/1978
900,8/6/2020 0:00,Gdag,Gdag@gmail.com,Male,22,HR,442471,111,Sindh,Karachiá,2/25/1976
464,9/2/2019 0:00,Soqv,Soqv@gmail.com,Male,18,Operation,421524,104,Punjab,Lahore,2/9/1980
677,10/20/2024 0:00,Ifwk,Ifwk@gmail.com,Male,37,Production,347051,106,Punjab,Faisalabad,7/3/1999
819,1/18/2024 0:00,Nqga,Nqga@gmail.com,Male,28,Sales,466257,109,KPK,Kohat,12/4/1995
256,3/7/2022 0:00,Iclm,Iclm@gmail.com,Female,45,Supply Chain,285528,103,Sindh,Karachiá,5/13/1975
429,9/19/2023 0:00,Evso,Evso@gmail.com,Female,40,Administration,462740,110,Balochistan,Quetta,7/2/1989
537,12/18/2019 0:00,Pfis,Pfis@gmail.com,Female,59,Finance,171805,102,KPK,Peshawar,11/13/2005
576,1/3/2025 0:00,Uiee,Uiee@gmail.com,Male,51,Administration,226580,110,KPK,Peshawar,2/21/1992
672,9/25/2023 0:00,Qciv,Qciv@gmail.com,Male,17,HR,302211,111,Sindh,Hyderabadá,6/18/1988
436,2/5/2023 0:00,Synn,Synn@gmail.com,Female,38,Operation,211955,104,Punjab,Lahore,9/28/1996
849,10/29/2019 0:00,Qrur,Qrur@gmail.com,Female,17,IT,173695,101,Punjab,Faisalabad,1/29/1972
544,8/13/2023 0:00,Lxfx,Lxfx@gmail.com,Male,29,Operation,104888,104,Sindh,Hyderabadá,10/31/1995
562,12/8/2017 0:00,Njdz,Njdz@gmail.com,Male,54,Social Media,402035,107,KPK,Kohat,5/19/2002
891,1/19/2018 0:00,Ijto,Ijto@gmail.com,Male,53,Social Media,311210,107,Balochistan,Turbat,11/2/1982
997,1/13/2021 0:00,Xfck,Xfck@gmail.com,Female,58,Administration,430998,110,Sindh,Sukkurá,3/10/1989
488,7/5/2023 0:00,Ykca,Ykca@gmail.com,Female,29,Finance,73456,102,Balochistan,Turbat,1/10/1999
954,6/25/2020 0:00,Rthb,Rthb@gmail.com,Male,18,Production,374861,106,Sindh,Karachiá,12/1/2000
218,1/6/2025 0:00,Ghkz,Ghkz@gmail.com,Male,27,Administration,393736,110,KPK,Peshawar,5/20/1974
350,11/7/2020 0:00,Odot,Odot@gmail.com,Male,58,Sales,3641,109,Punjab,Faisalabad,8/17/1980
927,11/23/2018 0:00,Rjaq,Rjaq@gmail.com,Female,59,Risk Management,438983,105,Sindh,Karachiá,8/28/1983
987,6/19/2025 0:00,Guay,Guay@gmail.com,Female,40,IT,445137,101,Balochistan,Quetta,2/14/1978
366,12/23/2021 0:00,Ncyg,Ncyg@gmail.com,Male,22,IT,164627,101,Punjab,Faisalabad,10/9/1998
543,8/25/2024 0:00,Pdhq,Pdhq@gmail.com,Female,20,Sales,131086,109,Punjab,Faisalabad,12/1/1978
355,7/18/2019 0:00,Ivhf,Ivhf@gmail.com,Male,58,HR,142298,111,KPK,Peshawar,9/23/1992
583,8/30/2017 0:00,Tgtw,Tgtw@gmail.com,Male,49,Audit,102601,108,Punjab,Faisalabad,5/16/2005
399,3/2/2022 0:00,Rcge,Rcge@gmail.com,Female,17,Finance,414667,102,KPK,Kohat,9/8/1992
570,2/8/2021 0:00,Xyvv,Xyvv@gmail.com,Male,22,HR,36233,111,Balochistan,Quetta,4/2/1987
479,7/3/2020 0:00,Wzbz,Wzbz@gmail.com,Female,36,Social Media,196566,107,Sindh,Hyderabadá,7/12/1980
373,2/16/2017 0:00,Kxne,Kxne@gmail.com,Female,27,Operation,215540,104,Punjab,Lahore,1/1/1985
758,4/11/2021 0:00,Tacn,Tacn@gmail.com,Female,26,IT,303746,101,Punjab,Faisalabad,10/11/1974
386,11/19/2022 0:00,Bawe,Bawe@gmail.com,Male,60,Audit,481842,108,Punjab,Faisalabad,4/22/1970
826,12/13/2019 0:00,Mglr,Mglr@gmail.com,Female,34,HR,63302,111,Balochistan,Turbat,8/8/1998
208,8/17/2017 0:00,Qclb,Qclb@gmail.com,Female,51,IT,262513,101,Sindh,Karachiá,10/10/2002
847,8/25/2017 0:00,Wfgp,Wfgp@gmail.com,Male,56,Finance,241771,102,Punjab,Faisalabad,4/19/1970
901,3/21/2017 0:00,Jwhu,Jwhu@gmail.com,Male,45,Risk Management,122782,105,KPK,Peshawar,7/22/1971
627,2/15/2023 0:00,Lrgb,Lrgb@gmail.com,Male,47,Administration,370767,110,Punjab,Faisalabad,10/8/1972
397,5/16/2017 0:00,Rxrh,Rxrh@gmail.com,Female,17,Finance,44584,102,Sindh,Hyderabadá,1/2/1986
438,10/30/2020 0:00,Quzc,Quzc@gmail.com,Male,18,Sales,284460,109,Punjab,Lahore,1/5/1973
906,1/2/2017 0:00,Tbqa,Tbqa@gmail.com,Female,41,Production,414905,106,Balochistan,Quetta,5/15/1985
777,10/5/2023 0:00,Vqfc,Vqfc@gmail.com,Male,26,Operation,237907,104,KPK,Peshawar,3/30/1973
739,8/29/2022 0:00,Slvl,Slvl@gmail.com,Male,43,Operation,167971,104,Balochistan,Turbat,11/10/1994
702,5/30/2023 0:00,Ngbv,Ngbv@gmail.com,Male,38,HR,196186,111,Punjab,Faisalabad,11/24/1984
460,3/3/2019 0:00,Cgdp,Cgdp@gmail.com,Male,34,HR,135018,111,Sindh,Karachiá,12/13/1982
968,10/4/2025 0:00,Ganf,Ganf@gmail.com,Female,34,Audit,72222,108,Sindh,Karachiá,5/1/2002
473,6/25/2016 0:00,Okfy,Okfy@gmail.com,Female,29,Supply Chain,247324,103,Balochistan,Quetta,7/15/1970
698,6/22/2024 0:00,Vpbp,Vpbp@gmail.com,Female,44,Administration,286517,110,Punjab,Lahore,9/6/1993
700,8/31/2020 0:00,Hkvs,Hkvs@gmail.com,Male,57,Production,6533,106,KPK,Peshawar,1/7/1974
168,5/4/2017 0:00,Rhsa,Rhsa@gmail.com,Male,53,Operation,386826,104,KPK,Kohat,7/30/2003
561,10/20/2025 0:00,Ryhj,Ryhj@gmail.com,Male,36,Operation,90906,104,Balochistan,Quetta,12/28/2001
470,3/18/2023 0:00,Gzjm,Gzjm@gmail.com,Male,44,Administration,346392,110,Balochistan,Turbat,5/7/1986
310,1/31/2025 0:00,Qgcj,Qgcj@gmail.com,Female,27,Supply Chain,237209,103,Punjab,Faisalabad,7/26/2005
285,1/16/2020 0:00,Aayh,Aayh@gmail.com,Female,23,IT,132674,101,Balochistan,Turbat,5/1/1991
579,3/11/2018 0:00,Ufou,Ufou@gmail.com,Male,17,Social Media,2714,107,KPK,Peshawar,12/4/2004
772,10/15/2022 0:00,Crsd,Crsd@gmail.com,Male,28,Operation,101603,104,Sindh,Sukkurá,3/31/1982
494,11/14/2016 0:00,Juxb,Juxb@gmail.com,Male,15,Social Media,9745,107,KPK,Kohat,7/10/1980
847,9/19/2024 0:00,Qoxg,Qoxg@gmail.com,Female,43,Administration,283628,110,Punjab,Lahore,6/16/1994
284,8/29/2023 0:00,Baue,Baue@gmail.com,Male,21,HR,101692,111,Sindh,Sukkurá,3/9/1977
645,9/16/2020 0:00,Gtth,Gtth@gmail.com,Female,60,Risk Management,7537,105,Sindh,Karachiá,10/20/1984
165,8/5/2025 0:00,Oytz,Oytz@gmail.com,Female,22,HR,163157,111,Sindh,Karachiá,10/27/1991
389,11/1/2024 0:00,Gktz,Gktz@gmail.com,Female,55,Sales,268923,109,KPK,Kohat,9/2/1983
598,6/3/2018 0:00,Uhzh,Uhzh@gmail.com,Female,56,Sales,256396,109,KPK,Peshawar,9/24/1978
583,8/4/2020 0:00,Kbbn,Kbbn@gmail.com,Male,34,HR,321640,111,Sindh,Karachiá,8/14/1993
705,2/13/2019 0:00,Jrge,Jrge@gmail.com,Female,59,IT,311577,101,Balochistan,Turbat,8/23/1978
185,5/21/2017 0:00,Fmaz,Fmaz@gmail.com,Male,58,Audit,375565,108,KPK,Peshawar,5/1/1999
548,11/19/2025 0:00,Kzed,Kzed@gmail.com,Male,59,HR,282596,111,Sindh,Hyderabadá,10/4/2002
841,4/3/2024 0:00,Prhb,Prhb@gmail.com,Female,57,Administration,106955,110,Punjab,Faisalabad,4/21/1984
772,6/20/2023 0:00,Lgyr,Lgyr@gmail.com,Female,50,Sales,27938,109,Sindh,Hyderabadá,12/22/2004
587,11/28/2018 0:00,Rbmo,Rbmo@gmail.com,Female,20,IT,90957,101,Balochistan,Turbat,10/30/1981
848,10/16/2018 0:00,Qvil,Qvil@gmail.com,Female,39,Supply Chain,364304,103,KPK,Peshawar,3/9/2005
600,2/8/2017 0:00,Rvde,Rvde@gmail.com,Female,22,Operation,31241,104,Punjab,Lahore,6/13/1977
290,8/17/2018 0:00,Bbep,Bbep@gmail.com,Female,15,Audit,189111,108,Sindh,Hyderabadá,11/4/1987
508,3/30/2022 0:00,Hdzm,Hdzm@gmail.com,Female,38,Supply Chain,170647,103,KPK,Kohat,9/23/1997
353,4/11/2019 0:00,Nnek,Nnek@gmail.com,Female,41,Supply Chain,128083,103,Sindh,Karachiá,4/4/1975
306,7/23/2021 0:00,Lssi,Lssi@gmail.com,Male,30,HR,480294,111,KPK,Peshawar,11/29/1976
493,12/23/2017 0:00,Jthe,Jthe@gmail.com,Male,49,Sales,284060,109,Punjab,Faisalabad,7/25/1980
423,9/9/2019 0:00,Rjsu,Rjsu@gmail.com,Male,34,IT,388290,101,Balochistan,Quetta,9/26/1997
974,5/13/2017 0:00,Qpvn,Qpvn@gmail.com,Male,35,IT,455308,101,Sindh,Hyderabadá,8/8/2005
203,3/14/2023 0:00,Jxef,Jxef@gmail.com,Female,32,Supply Chain,187323,103,KPK,Kohat,12/3/2002
828,3/17/2023 0:00,Kdyf,Kdyf@gmail.com,Male,48,Production,353434,106,Sindh,Sukkurá,2/29/2000
782,12/25/2019 0:00,Hjie,Hjie@gmail.com,Female,28,Finance,369506,102,Sindh,Karachiá,12/7/1983
129,7/19/2017 0:00,Cgwz,Cgwz@gmail.com,Female,42,Sales,393642,109,Balochistan,Quetta,4/16/1973
287,11/21/2025 0:00,Prwm,Prwm@gmail.com,Male,16,Production,498284,106,Punjab,Lahore,5/28/1979
682,7/28/2017 0:00,Apyf,Apyf@gmail.com,Female,41,Audit,163941,108,KPK,Peshawar,8/20/1998
382,12/26/2018 0:00,Vlly,Vlly@gmail.com,Female,28,Finance,303596,102,Sindh,Hyderabadá,6/29/1983
398,5/27/2021 0:00,Qstc,Qstc@gmail.com,Male,37,Supply Chain,346740,103,Balochistan,Turbat,6/18/1996
788,4/17/2022 0:00,Ughw,Ughw@gmail.com,Male,17,Risk Management,66909,105,Sindh,Karachiá,1/10/1991
887,11/27/2024 0:00,Oyvx,Oyvx@gmail.com,Female,56,Sales,362045,109,Sindh,Sukkurá,3/18/1998
285,5/19/2025 0:00,Eatu,Eatu@gmail.com,Male,58,Audit,446289,108,Punjab,Faisalabad,1/23/1984
560,4/4/2021 0:00,Krvh,Krvh@gmail.com,Male,27,Supply Chain,76362,103,Sindh,Sukkurá,4/8/2002
440,12/28/2018 0:00,Slgo,Slgo@gmail.com,Female,29,Supply Chain,404748,103,Balochistan,Turbat,12/21/1989
472,4/15/2024 0:00,Awfd,Awfd@gmail.com,Male,31,IT,196340,101,KPK,Peshawar,3/15/1981
409,8/28/2025 0:00,Jsbr,Jsbr@gmail.com,Female,25,Finance,477553,102,KPK,Peshawar,10/9/1974
874,2/12/2025 0:00,Bkdt,Bkdt@gmail.com,Male,40,Supply Chain,453934,103,Sindh,Karachiá,10/18/1996
511,1/18/2017 0:00,Cidk,Cidk@gmail.com,Female,36,Risk Management,306480,105,Balochistan,Turbat,8/24/1996
886,9/13/2023 0:00,Pbvi,Pbvi@gmail.com,Female,59,IT,44024,101,KPK,Peshawar,10/20/1978
620,5/11/2024 0:00,Cmny,Cmny@gmail.com,Male,53,Administration,45703,110,KPK,Kohat,7/16/1975
586,6/10/2022 0:00,Gvhh,Gvhh@gmail.com,Female,18,HR,474504,111,Sindh,Hyderabadá,7/30/1974
792,8/4/2024 0:00,Czfz,Czfz@gmail.com,Female,44,Finance,6259,102,Sindh,Sukkurá,11/26/1975
313,2/4/2023 0:00,Otzm,Otzm@gmail.com,Male,29,Administration,484266,110,KPK,Kohat,6/3/1971
418,8/8/2025 0:00,Cmdy,Cmdy@gmail.com,Male,20,Supply Chain,184694,103,Balochistan,Quetta,1/30/2005
918,1/7/2022 0:00,Ivwn,Ivwn@gmail.com,Male,40,Social Media,320558,107,KPK,Peshawar,8/14/1996
614,7/29/2025 0:00,Sqfe,Sqfe@gmail.com,Male,23,Sales,252978,109,KPK,Kohat,10/20/1987
186,7/14/2024 0:00,Pqwo,Pqwo@gmail.com,Female,53,Finance,344391,102,Balochistan,Quetta,12/8/1971
962,1/28/2017 0:00,Hils,Hils@gmail.com,Female,22,Supply Chain,325736,103,Sindh,Sukkurá,4/30/1988
823,3/4/2016 0:00,Hsdt,Hsdt@gmail.com,Male,56,Operation,440109,104,Sindh,Sukkurá,10/30/1985
573,4/11/2023 0:00,Dpxk,Dpxk@gmail.com,Male,42,Audit,95564,108,KPK,Kohat,5/2/1989
169,11/29/2019 0:00,Mzrg,Mzrg@gmail.com,Male,26,Administration,10855,110,Sindh,Hyderabadá,4/9/2001
185,5/20/2022 0:00,Ejfz,Ejfz@gmail.com,Male,40,Audit,263716,108,Punjab,Lahore,3/11/1999
664,9/8/2025 0:00,Uvpe,Uvpe@gmail.com,Female,60,Audit,3162,108,Sindh,Sukkurá,12/16/1981
646,12/26/2025 0:00,Xkhk,Xkhk@gmail.com,Male,52,Supply Chain,354349,103,Sindh,Hyderabadá,5/7/1998
960,9/1/2024 0:00,Iafl,Iafl@gmail.com,Female,39,HR,60388,111,Balochistan,Turbat,5/22/2005
397,3/9/2023 0:00,Emvl,Emvl@gmail.com,Female,57,IT,470723,101,Sindh,Hyderabadá,7/1/1978
995,6/23/2017 0:00,Vfce,Vfce@gmail.com,Female,45,Production,431456,106,Sindh,Hyderabadá,4/5/1978
834,9/25/2024 0:00,Hppu,Hppu@gmail.com,Female,15,Social Media,256034,107,Punjab,Faisalabad,4/7/1991
267,12/19/2024 0:00,Movo,Movo@gmail.com,Female,18,HR,377972,111,Sindh,Karachiá,11/6/1980
265,3/5/2020 0:00,Whtc,Whtc@gmail.com,Female,18,Social Media,287608,107,KPK,Peshawar,8/27/1988
759,12/25/2016 0:00,Ewzc,Ewzc@gmail.com,Male,36,Administration,60772,110,KPK,Peshawar,6/14/1999
650,8/15/2020 0:00,Dkuu,Dkuu@gmail.com,Female,49,Operation,189166,104,Sindh,Hyderabadá,5/19/1972
957,9/25/2020 0:00,Vfmh,Vfmh@gmail.com,Female,21,Social Media,54020,107,Punjab,Lahore,5/17/1982
970,2/1/2017 0:00,Lwqh,Lwqh@gmail.com,Female,22,Production,157681,106,Sindh,Karachiá,1/26/1995
464,2/14/2016 0:00,Gomj,Gomj@gmail.com,Male,43,Sales,74936,109,Balochistan,Turbat,12/20/1993
183,12/17/2018 0:00,Opji,Opji@gmail.com,Female,33,Social Media,473249,107,KPK,Kohat,9/13/1975
456,5/12/2016 0:00,Ezql,Ezql@gmail.com,Female,19,Audit,394681,108,Punjab,Lahore,2/3/1974
517,10/24/2025 0:00,Kuqw,Kuqw@gmail.com,Male,41,IT,187158,101,Sindh,Sukkurá,10/6/2005
766,1/2/2019 0:00,Layf,Layf@gmail.com,Male,51,Risk Management,24502,105,KPK,Peshawar,10/8/1981
280,6/26/2024 0:00,Asda,Asda@gmail.com,Male,35,Supply Chain,110550,103,Punjab,Faisalabad,5/2/1977
943,5/7/2021 0:00,Vjbm,Vjbm@gmail.com,Female,37,Social Media,335363,107,Balochistan,Quetta,1/25/1990
134,4/2/2017 0:00,Fjhi,Fjhi@gmail.com,Female,39,Operation,349209,104,Balochistan,Quetta,12/16/1989
253,12/29/2016 0:00,Rqdw,Rqdw@gmail.com,Female,57,Audit,443820,108,Punjab,Lahore,7/16/1988
301,6/9/2019 0:00,View,View@gmail.com,Female,43,Social Media,495822,107,Sindh,Sukkurá,10/17/1985
591,4/30/2025 0:00,Zmzv,Zmzv@gmail.com,Female,30,Finance,371279,102,Sindh,Hyderabadá,9/9/1995
286,5/16/2023 0:00,Xctn,Xctn@gmail.com,Female,20,Sales,225989,109,Punjab,Lahore,7/2/2004
313,6/2/2017 0:00,Jnej,Jnej@gmail.com,Female,32,Supply Chain,285044,103,Punjab,Faisalabad,7/7/1984
272,6/17/2020 0:00,Tsxt,Tsxt@gmail.com,Female,29,HR,149397,111,Sindh,Karachiá,6/12/1998
553,3/11/2018 0:00,Zcug,Zcug@gmail.com,Female,23,Social Media,103190,107,Punjab,Faisalabad,8/22/1988
456,10/13/2022 0:00,Tpfq,Tpfq@gmail.com,Female,22,Sales,276395,109,KPK,Peshawar,5/4/1979
662,7/19/2023 0:00,Wxea,Wxea@gmail.com,Male,52,Social Media,457614,107,Balochistan,Quetta,12/10/1979
784,6/14/2019 0:00,Podd,Podd@gmail.com,Female,26,Audit,174381,108,KPK,Peshawar,5/29/1976
900,4/12/2022 0:00,Enpo,Enpo@gmail.com,Female,40,Social Media,316606,107,Sindh,Hyderabadá,3/14/1991
686,12/29/2021 0:00,Vodj,Vodj@gmail.com,Female,39,Social Media,441354,107,Sindh,Karachiá,10/19/2001
437,1/13/2021 0:00,Qwmq,Qwmq@gmail.com,Female,21,HR,467866,111,Sindh,Karachiá,2/8/1996
236,2/25/2017 0:00,Dhbl,Dhbl@gmail.com,Female,49,Supply Chain,435502,103,KPK,Kohat,6/3/2003
591,10/9/2025 0:00,Zntm,Zntm@gmail.com,Male,17,Social Media,78215,107,Punjab,Lahore,7/22/2000
426,2/9/2024 0:00,Byxv,Byxv@gmail.com,Female,38,Administration,338199,110,Sindh,Karachiá,3/26/1989
473,10/21/2024 0:00,Jggj,Jggj@gmail.com,Male,25,Finance,393704,102,KPK,Peshawar,2/8/1988
950,4/5/2016 0:00,Qabg,Qabg@gmail.com,Male,19,Sales,73495,109,Sindh,Karachiá,3/23/1975
326,4/16/2017 0:00,Hndb,Hndb@gmail.com,Female,15,Administration,265360,110,Balochistan,Quetta,4/10/1982
568,7/13/2024 0:00,Ogzo,Ogzo@gmail.com,Male,32,Production,158234,106,Balochistan,Turbat,7/3/1987
292,11/22/2021 0:00,Tsrg,Tsrg@gmail.com,Female,22,Sales,336113,109,KPK,Peshawar,9/19/1979
183,12/13/2024 0:00,Ilsn,Ilsn@gmail.com,Female,35,IT,69967,101,KPK,Kohat,8/8/1983
286,5/10/2022 0:00,Wpyv,Wpyv@gmail.com,Female,47,Social Media,9885,107,KPK,Peshawar,12/13/1979
313,12/18/2021 0:00,Fgtt,Fgtt@gmail.com,Male,37,Operation,348215,104,Balochistan,Turbat,11/27/1989
337,5/7/2018 0:00,Yljj,Yljj@gmail.com,Female,51,Supply Chain,23952,103,Punjab,Lahore,5/1/1980
977,4/11/2017 0:00,Onul,Onul@gmail.com,Male,37,Audit,447408,108,Sindh,Hyderabadá,1/15/1975
994,4/4/2025 0:00,Ndsi,Ndsi@gmail.com,Female,19,Sales,222539,109,Punjab,Faisalabad,11/30/1996
923,6/20/2023 0:00,Atbf,Atbf@gmail.com,Male,30,Audit,145570,108,KPK,Peshawar,11/8/2005
206,10/25/2018 0:00,Lucc,Lucc@gmail.com,Female,28,Administration,336358,110,Punjab,Faisalabad,8/2/1999
787,12/31/2024 0:00,Lfir,Lfir@gmail.com,Male,46,Production,109304,106,Punjab,Faisalabad,9/18/1996
481,1/15/2025 0:00,Lykc,Lykc@gmail.com,Female,56,Finance,455705,102,Balochistan,Turbat,9/15/1993
882,7/6/2022 0:00,Gugk,Gugk@gmail.com,Male,36,Operation,437924,104,Balochistan,Turbat,7/25/1971
212,5/5/2018 0:00,Zcdr,Zcdr@gmail.com,Female,57,Audit,21295,108,KPK,Kohat,4/28/1976
802,11/27/2017 0:00,Ocox,Ocox@gmail.com,Female,40,Audit,334933,108,Sindh,Karachiá,5/20/1986
987,11/17/2019 0:00,Sdmo,Sdmo@gmail.com,Male,57,Finance,95894,102,Balochistan,Turbat,6/30/1984
811,6/21/2017 0:00,Urbm,Urbm@gmail.com,Female,44,Audit,196326,108,Punjab,Lahore,10/24/1986
807,12/6/2025 0:00,Yxyo,Yxyo@gmail.com,Male,19,Risk Management,373114,105,KPK,Kohat,3/18/1977
270,12/30/2017 0:00,Shwy,Shwy@gmail.com,Female,20,HR,334086,111,Balochistan,Quetta,5/30/1984
513,4/14/2020 0:00,Evlm,Evlm@gmail.com,Female,56,Operation,452722,104,Punjab,Faisalabad,8/25/2004
578,7/23/2025 0:00,Phlg,Phlg@gmail.com,Female,17,Risk Management,75735,105,Punjab,Faisalabad,1/24/1983
454,4/3/2018 0:00,Pdyl,Pdyl@gmail.com,Male,51,Audit,119632,108,Punjab,Lahore,4/5/1993
698,3/9/2023 0:00,Sukk,Sukk@gmail.com,Male,15,IT,168244,101,Balochistan,Quetta,4/8/1977
110,6/27/2020 0:00,Vuwo,Vuwo@gmail.com,Female,15,Sales,139633,109,KPK,Kohat,4/5/2004
279,2/21/2017 0:00,Fvtl,Fvtl@gmail.com,Male,52,Supply Chain,385158,103,Punjab,Lahore,4/14/1982
616,12/9/2024 0:00,Trph,Trph@gmail.com,Female,19,HR,404034,111,KPK,Kohat,5/24/1999
942,8/3/2016 0:00,Nfos,Nfos@gmail.com,Female,33,Supply Chain,82125,103,Sindh,Sukkurá,4/5/1979
320,3/26/2025 0:00,Szem,Szem@gmail.com,Male,41,Social Media,386533,107,Sindh,Sukkurá,6/7/1977
710,10/22/2016 0:00,Wybm,Wybm@gmail.com,Female,59,Sales,474827,109,Balochistan,Turbat,1/23/1971
373,4/24/2020 0:00,Rqer,Rqer@gmail.com,Male,15,Finance,302685,102,Balochistan,Turbat,4/2/1996
734,7/21/2018 0:00,Dytz,Dytz@gmail.com,Female,42,Audit,128694,108,Balochistan,Quetta,8/12/1984
602,2/15/2019 0:00,Prch,Prch@gmail.com,Female,45,Finance,288467,102,Balochistan,Turbat,6/12/1982
915,9/2/2016 0:00,Pcbq,Pcbq@gmail.com,Male,31,Finance,130043,102,Balochistan,Quetta,8/16/1996
272,7/5/2019 0:00,Eoeh,Eoeh@gmail.com,Male,58,Supply Chain,69254,103,Balochistan,Quetta,8/12/1988
903,7/17/2017 0:00,Zpuv,Zpuv@gmail.com,Female,33,Finance,375696,102,Sindh,Sukkurá,5/30/1986
280,4/4/2019 0:00,Ermh,Ermh@gmail.com,Female,36,Supply Chain,51572,103,KPK,Peshawar,2/28/2003
910,8/10/2019 0:00,Yxav,Yxav@gmail.com,Female,47,IT,390994,101,Punjab,Faisalabad,9/21/1984
643,3/24/2022 0:00,Cnkg,Cnkg@gmail.com,Male,40,Administration,129849,110,Balochistan,Turbat,11/3/1988
157,12/1/2020 0:00,Idho,Idho@gmail.com,Female,58,Risk Management,97373,105,Sindh,Hyderabadá,7/11/2001
491,8/24/2025 0:00,Zzqr,Zzqr@gmail.com,Female,47,IT,261284,101,KPK,Peshawar,8/25/1977
135,2/14/2024 0:00,Bwsq,Bwsq@gmail.com,Female,57,Sales,407768,109,Punjab,Lahore,4/1/1994
882,10/8/2017 0:00,Cwau,Cwau@gmail.com,Female,48,IT,321744,101,Sindh,Karachiá,6/26/2002
909,12/21/2021 0:00,Mqmd,Mqmd@gmail.com,Female,43,Supply Chain,227111,103,KPK,Kohat,11/16/2005
122,9/14/2023 0:00,Cqqq,Cqqq@gmail.com,Male,35,Sales,416989,109,Punjab,Faisalabad,8/25/1980
809,1/20/2016 0:00,Ieaz,Ieaz@gmail.com,Male,18,Risk Management,272012,105,Punjab,Faisalabad,12/8/1995
277,8/11/2023 0:00,Syfe,Syfe@gmail.com,Female,26,Audit,241331,108,Punjab,Lahore,9/17/1993
656,4/21/2018 0:00,Lhbm,Lhbm@gmail.com,Female,57,Social Media,220950,107,Balochistan,Turbat,2/19/1994
968,5/5/2018 0:00,Lwzu,Lwzu@gmail.com,Male,15,Social Media,481853,107,KPK,Peshawar,11/7/1997
381,12/8/2021 0:00,Zuev,Zuev@gmail.com,Female,16,HR,338038,111,Balochistan,Quetta,6/1/1975
828,10/25/2018 0:00,Iaen,Iaen@gmail.com,Female,35,Operation,410592,104,Sindh,Hyderabadá,4/24/1972
828,12/18/2020 0:00,Ckdk,Ckdk@gmail.com,Male,31,Audit,457230,108,KPK,Kohat,5/28/1985
602,11/1/2023 0:00,Bkxs,Bkxs@gmail.com,Female,41,Sales,251307,109,Sindh,Sukkurá,9/4/1988
733,12/25/2025 0:00,Lcel,Lcel@gmail.com,Female,18,Risk Management,171098,105,Punjab,Lahore,7/5/1986
565,12/22/2020 0:00,Petc,Petc@gmail.com,Male,42,Operation,275294,104,Balochistan,Turbat,12/12/1987
229,10/12/2018 0:00,Csgi,Csgi@gmail.com,Male,36,Administration,432162,110,KPK,Peshawar,10/6/1982
828,2/1/2020 0:00,Bsyp,Bsyp@gmail.com,Male,26,Administration,203636,110,Balochistan,Turbat,3/20/1988
494,1/1/2024 0:00,Gzhw,Gzhw@gmail.com,Female,47,Supply Chain,87794,103,Punjab,Faisalabad,11/4/1986
704,9/13/2023 0:00,Xgcg,Xgcg@gmail.com,Female,44,Social Media,332727,107,Sindh,Sukkurá,4/27/2003
671,9/29/2021 0:00,Jzmb,Jzmb@gmail.com,Male,48,HR,196720,111,Balochistan,Quetta,10/13/1970
663,6/20/2020 0:00,Ofpz,Ofpz@gmail.com,Male,19,Production,33605,106,KPK,Peshawar,3/11/1979
959,11/11/2019 0:00,Cepl,Cepl@gmail.com,Female,15,Operation,13330,104,Punjab,Faisalabad,3/23/1998
273,2/5/2018 0:00,Mnjf,Mnjf@gmail.com,Male,25,Audit,375332,108,Balochistan,Turbat,10/7/1972
866,7/8/2021 0:00,Srzr,Srzr@gmail.com,Female,15,Social Media,163867,107,KPK,Peshawar,7/10/1986
661,2/18/2024 0:00,Vzqi,Vzqi@gmail.com,Male,55,Supply Chain,140124,103,Balochistan,Turbat,2/23/1982
568,7/23/2024 0:00,Rlvu,Rlvu@gmail.com,Male,41,Sales,218682,109,Punjab,Faisalabad,6/30/1985
413,7/16/2022 0:00,Fyvd,Fyvd@gmail.com,Female,34,Finance,412670,102,KPK,Peshawar,4/10/1994
630,3/9/2020 0:00,Dvux,Dvux@gmail.com,Male,23,IT,35911,101,Punjab,Faisalabad,1/26/1999
287,9/29/2023 0:00,Bcaa,Bcaa@gmail.com,Male,37,Sales,444236,109,Punjab,Lahore,5/11/1993
730,12/30/2017 0:00,Niov,Niov@gmail.com,Female,15,Supply Chain,325005,103,Punjab,Lahore,10/1/1977
874,12/14/2018 0:00,Exrb,Exrb@gmail.com,Female,29,Operation,277876,104,Sindh,Sukkurá,10/30/1984
866,7/18/2020 0:00,Yqrb,Yqrb@gmail.com,Male,32,IT,208771,101,Sindh,Sukkurá,1/18/1982
438,2/2/2016 0:00,Xxkn,Xxkn@gmail.com,Female,49,Supply Chain,232337,103,KPK,Kohat,7/19/1990
343,12/21/2024 0:00,Mwva,Mwva@gmail.com,Male,25,Risk Management,443234,105,Punjab,Lahore,12/11/1995
348,5/26/2021 0:00,Djkz,Djkz@gmail.com,Male,32,Social Media,257208,107,Punjab,Lahore,6/30/2005
784,10/4/2019 0:00,Fbkl,Fbkl@gmail.com,Female,49,Finance,94642,102,Sindh,Karachiá,4/11/2000
363,3/15/2018 0:00,Yzvv,Yzvv@gmail.com,Female,56,Administration,311104,110,Punjab,Lahore,6/29/1974
570,5/23/2024 0:00,Fkyg,Fkyg@gmail.com,Male,26,IT,72830,101,Punjab,Lahore,10/2/2002
532,6/29/2022 0:00,Codh,Codh@gmail.com,Female,54,Supply Chain,21607,103,Balochistan,Turbat,6/11/1972
276,5/29/2024 0:00,Xxek,Xxek@gmail.com,Male,59,Operation,307980,104,Sindh,Sukkurá,1/28/1974
428,3/11/2023 0:00,Mawv,Mawv@gmail.com,Male,17,HR,411383,111,KPK,Peshawar,9/18/1987
754,1/7/2021 0:00,Hbpz,Hbpz@gmail.com,Male,52,Operation,349669,104,KPK,Kohat,2/22/1990
896,10/3/2019 0:00,Blaw,Blaw@gmail.com,Male,27,Supply Chain,89762,103,KPK,Kohat,11/7/1972
863,4/28/2025 0:00,Ihdn,Ihdn@gmail.com,Male,27,HR,237269,111,Sindh,Hyderabadá,3/28/2000
691,7/1/2020 0:00,Dmzh,Dmzh@gmail.com,Female,15,Finance,281713,102,Balochistan,Turbat,11/12/1977
636,12/17/2016 0:00,Sxcy,Sxcy@gmail.com,Male,41,Audit,64967,108,Balochistan,Quetta,11/20/1998
108,5/13/2016 0:00,Onuy,Onuy@gmail.com,Male,32,IT,5450,101,KPK,Kohat,2/10/1999
789,10/14/2022 0:00,Fdgq,Fdgq@gmail.com,Male,37,Audit,415963,108,Sindh,Karachiá,6/23/1989
294,9/30/2018 0:00,Dobc,Dobc@gmail.com,Male,43,Risk Management,268305,105,KPK,Kohat,5/13/1989
813,10/2/2020 0:00,Spdi,Spdi@gmail.com,Male,56,Administration,449361,110,Punjab,Faisalabad,8/4/1984
387,5/22/2019 0:00,Ubwi,Ubwi@gmail.com,Male,25,IT,1690,101,Sindh,Karachiá,3/2/1992
882,8/23/2018 0:00,Qmaf,Qmaf@gmail.com,Female,46,Production,26792,106,Sindh,Karachiá,12/26/1983
508,11/20/2023 0:00,Unbd,Unbd@gmail.com,Female,25,Audit,119929,108,Balochistan,Turbat,2/17/1997
918,3/31/2020 0:00,Dfdp,Dfdp@gmail.com,Male,26,Administration,472877,110,Balochistan,Quetta,2/21/2000
449,2/4/2025 0:00,Sjqj,Sjqj@gmail.com,Female,46,IT,200710,101,Punjab,Faisalabad,7/4/1982
572,3/18/2019 0:00,Wnpk,Wnpk@gmail.com,Male,17,Production,471510,106,Punjab,Faisalabad,7/13/1982
952,5/11/2022 0:00,Iziw,Iziw@gmail.com,Male,45,IT,473234,101,Sindh,Karachiá,9/14/1971
534,11/29/2022 0:00,Gbjt,Gbjt@gmail.com,Male,49,HR,285796,111,Sindh,Karachiá,6/23/2002
848,6/24/2025 0:00,Nrpf,Nrpf@gmail.com,Female,29,HR,433155,111,Sindh,Karachiá,5/5/1972
931,8/24/2021 0:00,Ivot,Ivot@gmail.com,Male,31,Operation,284021,104,Punjab,Lahore,8/29/2002
772,9/11/2023 0:00,Acft,Acft@gmail.com,Male,33,Risk Management,236548,105,Punjab,Lahore,4/11/1971
983,5/5/2025 0:00,Hkad,Hkad@gmail.com,Female,20,Finance,39991,102,Sindh,Hyderabadá,10/3/1971
249,9/18/2019 0:00,Zxgn,Zxgn@gmail.com,Female,16,Supply Chain,356201,103,Sindh,Karachiá,1/2/1999
179,2/12/2018 0:00,Ttlm,Ttlm@gmail.com,Female,33,Operation,327846,104,KPK,Kohat,1/10/1988
450,6/4/2018 0:00,Juls,Juls@gmail.com,Male,52,Administration,234490,110,Balochistan,Turbat,3/25/1978
961,7/6/2025 0:00,Uwfp,Uwfp@gmail.com,Male,30,Social Media,213874,107,Sindh,Hyderabadá,1/18/1973
385,6/28/2016 0:00,Zwbv,Zwbv@gmail.com,Female,50,Production,118100,106,Sindh,Karachiá,6/8/1997
309,4/16/2023 0:00,Fttv,Fttv@gmail.com,Male,33,Sales,206110,109,Sindh,Karachiá,10/1/2001
567,4/22/2020 0:00,Lxsc,Lxsc@gmail.com,Female,37,Risk Management,327126,105,KPK,Peshawar,6/21/1992
129,3/21/2018 0:00,Qkgu,Qkgu@gmail.com,Female,43,Production,59360,106,Balochistan,Turbat,2/15/1997
121,3/25/2016 0:00,Gfsk,Gfsk@gmail.com,Female,44,Supply Chain,8198,103,Sindh,Hyderabadá,4/18/1989
599,9/29/2019 0:00,Tdle,Tdle@gmail.com,Female,29,Operation,281205,104,Punjab,Lahore,1/4/1972
352,1/30/2018 0:00,Dblb,Dblb@gmail.com,Female,59,Administration,229068,110,Balochistan,Turbat,5/24/1993
693,8/2/2016 0:00,Fgnq,Fgnq@gmail.com,Male,38,IT,41366,101,Sindh,Hyderabadá,8/5/1992
798,7/24/2023 0:00,Seww,Seww@gmail.com,Male,49,IT,382553,101,Sindh,Sukkurá,4/23/2004
992,12/1/2016 0:00,Awmu,Awmu@gmail.com,Female,58,Administration,317017,110,Balochistan,Quetta,6/4/1988
629,2/18/2025 0:00,Pmjk,Pmjk@gmail.com,Male,46,Sales,184625,109,KPK,Peshawar,3/8/1988
908,5/3/2025 0:00,Xiro,Xiro@gmail.com,Male,57,Social Media,158193,107,KPK,Kohat,12/22/1981
910,12/6/2016 0:00,Lpgh,Lpgh@gmail.com,Female,57,HR,321660,111,Punjab,Faisalabad,9/5/2005
521,9/11/2022 0:00,Drto,Drto@gmail.com,Male,34,Finance,499781,102,Punjab,Lahore,7/27/1981
329,12/19/2018 0:00,Fiik,Fiik@gmail.com,Male,17,Sales,427064,109,Punjab,Lahore,3/11/1994
126,4/19/2023 0:00,Skht,Skht@gmail.com,Female,17,Operation,107754,104,KPK,Peshawar,11/18/1978
245,1/14/2017 0:00,Ofyy,Ofyy@gmail.com,Female,21,Social Media,78617,107,Balochistan,Turbat,1/7/1973
414,11/10/2017 0:00,Sidc,Sidc@gmail.com,Male,55,Supply Chain,338434,103,KPK,Kohat,9/28/1986
501,2/1/2024 0:00,Tsmz,Tsmz@gmail.com,Male,30,Administration,211446,110,Sindh,Karachiá,9/9/1987
193,3/6/2016 0:00,Kufk,Kufk@gmail.com,Male,51,Finance,211159,102,Balochistan,Quetta,2/14/2005
308,6/13/2023 0:00,Vmli,Vmli@gmail.com,Female,29,Social Media,331593,107,Punjab,Faisalabad,3/10/1980
244,4/26/2016 0:00,Yhxj,Yhxj@gmail.com,Male,45,Production,76222,106,Punjab,Lahore,2/15/1993
613,1/2/2017 0:00,Aoii,Aoii@gmail.com,Female,15,Audit,283669,108,Punjab,Lahore,7/4/1971
168,2/23/2021 0:00,Uifl,Uifl@gmail.com,Male,17,Sales,413253,109,KPK,Peshawar,7/21/1975
164,4/19/2021 0:00,Oscs,Oscs@gmail.com,Male,24,IT,131100,101,KPK,Peshawar,3/17/1997
231,11/11/2022 0:00,Dcdw,Dcdw@gmail.com,Male,15,Supply Chain,470585,103,KPK,Peshawar,2/9/1978
269,3/13/2017 0:00,Llxw,Llxw@gmail.com,Male,55,Audit,422523,108,KPK,Peshawar,7/10/1980
307,11/13/2018 0:00,Nwej,Nwej@gmail.com,Female,36,Risk Management,2997,105,Punjab,Lahore,6/27/1973
113,2/18/2022 0:00,Icbz,Icbz@gmail.com,Female,48,Production,464623,106,KPK,Kohat,9/23/1975
316,2/12/2020 0:00,Wbvl,Wbvl@gmail.com,Male,37,Supply Chain,234739,103,Sindh,Hyderabadá,12/14/1995
822,3/18/2019 0:00,Coze,Coze@gmail.com,Male,17,Administration,158225,110,KPK,Peshawar,6/16/1983
434,8/10/2023 0:00,Zkkq,Zkkq@gmail.com,Male,29,IT,291073,101,Sindh,Hyderabadá,4/21/1975
989,6/9/2023 0:00,Fbqz,Fbqz@gmail.com,Male,19,Social Media,315302,107,Sindh,Hyderabadá,4/15/1981
651,2/28/2024 0:00,Etev,Etev@gmail.com,Male,18,Supply Chain,44466,103,KPK,Peshawar,6/18/1983
194,1/31/2024 0:00,Nekb,Nekb@gmail.com,Male,45,Sales,102980,109,Sindh,Karachiá,12/23/1980
680,10/25/2017 0:00,Ujil,Ujil@gmail.com,Female,45,Social Media,27626,107,KPK,Peshawar,4/4/2002
794,11/27/2024 0:00,Hvta,Hvta@gmail.com,Female,48,Finance,12174,102,Sindh,Sukkurá,1/17/1991
531,5/8/2021 0:00,Biby,Biby@gmail.com,Male,27,Audit,417042,108,KPK,Kohat,10/14/1988
807,12/9/2024 0:00,Dbig,Dbig@gmail.com,Male,16,Supply Chain,167453,103,KPK,Peshawar,3/5/1999
587,11/22/2016 0:00,Dzwr,Dzwr@gmail.com,Female,47,Production,450219,106,Sindh,Sukkurá,2/13/2002
337,5/6/2017 0:00,Jnfs,Jnfs@gmail.com,Female,31,HR,39807,111,KPK,Kohat,1/29/1981
948,8/9/2017 0:00,Ynzw,Ynzw@gmail.com,Female,34,Administration,178615,110,KPK,Peshawar,10/29/1987
232,3/1/2018 0:00,Qhrq,Qhrq@gmail.com,Female,33,Operation,220747,104,Balochistan,Turbat,4/6/1976
429,6/16/2021 0:00,Bnjz,Bnjz@gmail.com,Female,56,Supply Chain,294056,103,Punjab,Faisalabad,9/11/1971
407,10/4/2019 0:00,Tkij,Tkij@gmail.com,Female,40,Finance,380034,102,Punjab,Faisalabad,8/11/1980
680,9/16/2024 0:00,Oput,Oput@gmail.com,Female,56,Supply Chain,95350,103,Balochistan,Turbat,12/31/1998
224,12/3/2020 0:00,Wbtk,Wbtk@gmail.com,Female,49,Supply Chain,265264,103,Sindh,Sukkurá,6/8/1970
591,5/18/2022 0:00,Eyvo,Eyvo@gmail.com,Male,28,Risk Management,283959,105,KPK,Peshawar,3/13/1994
930,3/16/2022 0:00,Vtri,Vtri@gmail.com,Female,19,Supply Chain,79964,103,Punjab,Faisalabad,2/22/1988
798,12/8/2025 0:00,Jner,Jner@gmail.com,Male,52,Administration,276642,110,Sindh,Karachiá,4/21/1992
263,3/13/2019 0:00,Bxrp,Bxrp@gmail.com,Male,38,HR,252977,111,Punjab,Faisalabad,9/16/1996
583,12/9/2025 0:00,Nrsp,Nrsp@gmail.com,Male,59,HR,476775,111,Punjab,Faisalabad,8/20/1987
250,1/10/2022 0:00,Zsxo,Zsxo@gmail.com,Male,43,Finance,459283,102,Punjab,Lahore,4/18/1984
598,8/25/2016 0:00,Wozg,Wozg@gmail.com,Male,33,Social Media,125300,107,KPK,Kohat,1/18/1984
895,3/8/2021 0:00,Rcwy,Rcwy@gmail.com,Male,50,Sales,98442,109,Sindh,Hyderabadá,3/15/1992
427,11/19/2023 0:00,Matn,Matn@gmail.com,Male,15,Supply Chain,271530,103,KPK,Peshawar,3/20/1992
480,4/1/2022 0:00,Yrop,Yrop@gmail.com,Male,47,Finance,213180,102,Punjab,Lahore,8/24/1990
951,1/3/2022 0:00,Uckn,Uckn@gmail.com,Male,22,Sales,474405,109,Sindh,Karachiá,4/10/1988
115,9/20/2016 0:00,Cmoh,Cmoh@gmail.com,Female,34,IT,392008,101,KPK,Peshawar,7/28/1987
403,4/2/2021 0:00,Hguo,Hguo@gmail.com,Female,56,Administration,184730,110,KPK,Kohat,12/17/1989
779,9/22/2024 0:00,Sgdw,Sgdw@gmail.com,Female,25,Supply Chain,102196,103,Punjab,Faisalabad,7/3/1975
107,9/12/2019 0:00,Lxtg,Lxtg@gmail.com,Male,29,Social Media,77797,107,Punjab,Faisalabad,4/6/1970
647,3/13/2019 0:00,Pofg,Pofg@gmail.com,Female,31,Audit,331327,108,Punjab,Lahore,7/19/1976
706,11/3/2022 0:00,Qwax,Qwax@gmail.com,Male,30,Audit,44332,108,Punjab,Lahore,11/11/1989
915,1/28/2018 0:00,Btir,Btir@gmail.com,Male,16,Social Media,479448,107,Balochistan,Turbat,6/14/1972
474,10/31/2019 0:00,Wcct,Wcct@gmail.com,Male,56,Production,293336,106,Punjab,Faisalabad,7/22/2000
963,9/18/2022 0:00,Bifr,Bifr@gmail.com,Female,27,Supply Chain,425627,103,Sindh,Karachiá,9/18/1970
957,8/16/2025 0:00,Mlqe,Mlqe@gmail.com,Male,34,IT,370670,101,Punjab,Lahore,7/30/1983
836,3/25/2021 0:00,Eqrz,Eqrz@gmail.com,Female,39,Operation,187913,104,Punjab,Faisalabad,4/5/1979
690,4/19/2022 0:00,Xcfm,Xcfm@gmail.com,Female,18,Social Media,198690,107,Balochistan,Turbat,3/3/1972
891,12/20/2019 0:00,Bhpi,Bhpi@gmail.com,Male,15,Production,454132,106,Sindh,Hyderabadá,4/18/2002
578,1/16/2018 0:00,Qnzq,Qnzq@gmail.com,Male,48,Social Media,436132,107,KPK,Kohat,1/24/1988
610,2/11/2022 0:00,Ijky,Ijky@gmail.com,Male,48,Production,184644,106,KPK,Kohat,8/29/1987
650,2/20/2017 0:00,Tedd,Tedd@gmail.com,Female,28,Finance,409217,102,KPK,Peshawar,9/12/2005
696,5/14/2023 0:00,Mxev,Mxev@gmail.com,Male,16,HR,171131,111,Sindh,Hyderabadá,10/16/1990
315,1/6/2023 0:00,Nidx,Nidx@gmail.com,Male,56,Audit,459557,108,Balochistan,Quetta,11/4/2004
464,6/18/2021 0:00,Gyct,Gyct@gmail.com,Female,59,Supply Chain,45266,103,Punjab,Faisalabad,1/3/1979
129,12/9/2016 0:00,Essa,Essa@gmail.com,Male,51,Social Media,35778,107,Punjab,Faisalabad,5/1/1978
622,10/7/2019 0:00,Gdex,Gdex@gmail.com,Female,50,Operation,256694,104,KPK,Kohat,4/17/1996
962,8/4/2019 0:00,Weqv,Weqv@gmail.com,Male,36,Social Media,32990,107,Balochistan,Turbat,4/18/1974
979,10/14/2016 0:00,Qikl,Qikl@gmail.com,Female,33,Production,261257,106,Sindh,Sukkurá,9/22/1986
544,1/27/2017 0:00,Mlce,Mlce@gmail.com,Female,17,Social Media,154629,107,Punjab,Faisalabad,11/13/1983
102,4/27/2024 0:00,Eayu,Eayu@gmail.com,Female,52,Audit,481679,108,Punjab,Faisalabad,7/27/1981
281,4/15/2024 0:00,Fcil,Fcil@gmail.com,Female,60,Risk Management,394955,105,Sindh,Sukkurá,2/12/1971
707,7/1/2024 0:00,Oecw,Oecw@gmail.com,Female,55,HR,86884,111,Balochistan,Quetta,2/16/1985
840,6/7/2021 0:00,Yoph,Yoph@gmail.com,Male,44,Finance,31641,102,Sindh,Karachiá,11/30/1971
448,4/1/2017 0:00,Ggtq,Ggtq@gmail.com,Female,53,Operation,241160,104,Balochistan,Quetta,7/13/1988
146,12/14/2022 0:00,Slzt,Slzt@gmail.com,Male,40,Supply Chain,127251,103,KPK,Kohat,1/16/1991
779,12/7/2022 0:00,Wxak,Wxak@gmail.com,Female,50,Supply Chain,116437,103,Punjab,Lahore,1/18/1970
342,10/19/2024 0:00,Uceo,Uceo@gmail.com,Male,23,Administration,269118,110,Sindh,Sukkurá,5/23/1977
107,7/3/2021 0:00,Clsl,Clsl@gmail.com,Female,27,Sales,285111,109,Punjab,Lahore,1/14/2004
191,3/6/2018 0:00,Qenm,Qenm@gmail.com,Male,17,Finance,406525,102,Balochistan,Turbat,12/3/1994
645,8/12/2020 0:00,Zfue,Zfue@gmail.com,Female,45,IT,412354,101,KPK,Peshawar,5/21/1975
220,5/16/2022 0:00,Oiil,Oiil@gmail.com,Female,20,Audit,276962,108,KPK,Peshawar,5/1/2000
216,8/9/2022 0:00,Iroy,Iroy@gmail.com,Male,40,IT,80700,101,Punjab,Faisalabad,6/29/1994
166,2/11/2017 0:00,Crcb,Crcb@gmail.com,Male,49,Operation,385290,104,Balochistan,Turbat,9/7/1980
772,11/16/2019 0:00,Tjey,Tjey@gmail.com,Female,43,Administration,307520,110,Punjab,Lahore,4/3/1976
516,11/3/2018 0:00,Tpmf,Tpmf@gmail.com,Male,54,Audit,182327,108,Balochistan,Quetta,4/12/1990
809,5/2/2024 0:00,Uwkf,Uwkf@gmail.com,Male,46,Production,11043,106,KPK,Kohat,5/29/1986
660,12/26/2020 0:00,Xrqb,Xrqb@gmail.com,Female,21,Supply Chain,122534,103,Balochistan,Quetta,5/6/1991
498,7/1/2017 0:00,Smuu,Smuu@gmail.com,Male,52,Finance,244353,102,Sindh,Sukkurá,3/15/1987
912,9/21/2023 0:00,Excx,Excx@gmail.com,Male,31,Operation,495873,104,Punjab,Lahore,12/14/1981
619,9/2/2020 0:00,Esrf,Esrf@gmail.com,Male,35,Production,220604,106,Punjab,Faisalabad,4/19/1985
629,9/17/2017 0:00,Wrps,Wrps@gmail.com,Female,17,IT,443558,101,Punjab,Lahore,5/5/1985
991,4/13/2018 0:00,Dapm,Dapm@gmail.com,Female,48,Social Media,416821,107,KPK,Peshawar,7/13/1971
905,1/6/2020 0:00,Xttu,Xttu@gmail.com,Male,28,Social Media,386939,107,Punjab,Lahore,6/1/1972
788,7/20/2021 0:00,Ikfd,Ikfd@gmail.com,Male,59,Production,295422,106,Punjab,Faisalabad,5/24/1988
827,1/23/2020 0:00,Vljv,Vljv@gmail.com,Female,57,Audit,181894,108,Sindh,Sukkurá,8/24/1994
230,8/19/2022 0:00,Pixc,Pixc@gmail.com,Female,29,Risk Management,27062,105,Sindh,Sukkurá,4/13/1984
567,1/15/2024 0:00,Qgny,Qgny@gmail.com,Female,32,Risk Management,357666,105,KPK,Peshawar,4/30/1990
813,1/27/2021 0:00,Nuqj,Nuqj@gmail.com,Male,58,Supply Chain,342002,103,Balochistan,Turbat,2/20/1983
996,12/27/2018 0:00,Cseg,Cseg@gmail.com,Female,22,Audit,76510,108,KPK,Kohat,5/2/1977
687,3/15/2021 0:00,Bezf,Bezf@gmail.com,Male,46,Social Media,454135,107,Sindh,Karachiá,6/3/1998
680,6/27/2018 0:00,Nbgi,Nbgi@gmail.com,Male,21,Supply Chain,50104,103,Punjab,Lahore,12/25/2003
336,10/22/2020 0:00,Qavv,Qavv@gmail.com,Female,15,Audit,187148,108,Balochistan,Turbat,11/9/1977
831,5/14/2018 0:00,Twkn,Twkn@gmail.com,Male,20,IT,151387,101,Sindh,Sukkurá,10/11/1984
712,10/3/2023 0:00,Sket,Sket@gmail.com,Female,16,Supply Chain,437784,103,Sindh,Hyderabadá,3/7/2002
958,7/26/2024 0:00,Fgjr,Fgjr@gmail.com,Male,47,Finance,358443,102,Sindh,Karachiá,11/14/2000
472,8/14/2023 0:00,Swnw,Swnw@gmail.com,Female,35,Social Media,308820,107,Punjab,Lahore,9/28/1992
159,9/2/2018 0:00,Lrmj,Lrmj@gmail.com,Male,47,Administration,286061,110,Sindh,Karachiá,7/6/1998
123,4/23/2021 0:00,Dyfd,Dyfd@gmail.com,Female,50,Audit,103485,108,Sindh,Karachiá,2/24/1987
564,6/2/2020 0:00,Szff,Szff@gmail.com,Male,46,Production,170379,106,Punjab,Faisalabad,12/27/1973
325,5/27/2022 0:00,Wcpe,Wcpe@gmail.com,Female,23,Operation,39400,104,Punjab,Lahore,10/26/1974
881,5/23/2022 0:00,Aadp,Aadp@gmail.com,Male,51,IT,190314,101,Sindh,Karachiá,3/30/1988
929,4/14/2018 0:00,Pzwl,Pzwl@gmail.com,Male,60,Risk Management,39387,105,Sindh,Karachiá,12/27/1999
417,8/7/2023 0:00,Fvpq,Fvpq@gmail.com,Female,58,Social Media,236892,107,Balochistan,Quetta,1/1/1975
992,6/8/2021 0:00,Ylqi,Ylqi@gmail.com,Female,54,Social Media,120277,107,Sindh,Sukkurá,5/27/1984
502,12/30/2021 0:00,Lhxq,Lhxq@gmail.com,Male,52,Risk Management,106262,105,Punjab,Faisalabad,11/19/1981
100,6/14/2022 0:00,Tyqn,Tyqn@gmail.com,Female,39,IT,45239,101,KPK,Kohat,10/4/1971
989,5/2/2019 0:00,Qlup,Qlup@gmail.com,Male,32,Social Media,415740,107,Balochistan,Quetta,6/11/1994
573,3/9/2020 0:00,Ffze,Ffze@gmail.com,Male,41,Operation,318967,104,Punjab,Faisalabad,3/4/2004
853,6/23/2016 0:00,Zkea,Zkea@gmail.com,Female,38,Audit,105173,108,Sindh,Sukkurá,8/14/1983
652,4/30/2020 0:00,Vjpi,Vjpi@gmail.com,Female,55,Production,282829,106,Punjab,Faisalabad,10/10/1992
939,8/31/2016 0:00,Hjih,Hjih@gmail.com,Male,35,Sales,431347,109,KPK,Peshawar,8/31/1985
330,2/2/2017 0:00,Vmga,Vmga@gmail.com,Female,16,IT,25916,101,Punjab,Lahore,10/1/1983
123,6/24/2021 0:00,Lpxt,Lpxt@gmail.com,Male,53,Operation,214016,104,KPK,Kohat,12/25/2003
242,6/12/2019 0:00,Yadu,Yadu@gmail.com,Male,31,Operation,325934,104,KPK,Peshawar,7/9/1976
523,8/18/2020 0:00,Ewch,Ewch@gmail.com,Male,38,Risk Management,316868,105,Punjab,Faisalabad,8/13/1996
596,10/5/2016 0:00,Egcl,Egcl@gmail.com,Male,25,Sales,200233,109,Sindh,Karachiá,9/14/1983
692,1/23/2022 0:00,Axxe,Axxe@gmail.com,Female,27,Production,10680,106,KPK,Peshawar,9/20/1986
366,1/12/2016 0:00,Yvuj,Yvuj@gmail.com,Female,19,Administration,341512,110,Sindh,Karachiá,11/15/1974
523,5/8/2019 0:00,Arxk,Arxk@gmail.com,Male,16,Social Media,59584,107,Balochistan,Turbat,8/26/1999
469,7/17/2025 0:00,Fewv,Fewv@gmail.com,Female,26,Social Media,407652,107,Balochistan,Quetta,11/1/1995
974,5/1/2023 0:00,Vfky,Vfky@gmail.com,Male,39,Production,239598,106,KPK,Peshawar,10/19/1984
987,6/30/2016 0:00,Aqoz,Aqoz@gmail.com,Female,40,Finance,95076,102,KPK,Kohat,8/26/1973
560,11/9/2025 0:00,Ccgl,Ccgl@gmail.com,Female,52,HR,171627,111,Balochistan,Turbat,10/16/1980
628,12/25/2022 0:00,Tabi,Tabi@gmail.com,Male,53,Social Media,238961,107,Punjab,Lahore,12/28/1990
451,3/8/2024 0:00,Dkya,Dkya@gmail.com,Male,30,IT,91490,101,Sindh,Karachiá,9/16/1996
712,3/11/2018 0:00,Egps,Egps@gmail.com,Male,20,Administration,17131,110,Punjab,Lahore,6/15/2000
388,6/11/2021 0:00,Teas,Teas@gmail.com,Female,49,Social Media,416760,107,Balochistan,Quetta,12/11/1979
394,8/27/2021 0:00,Jwcy,Jwcy@gmail.com,Male,15,IT,94902,101,Punjab,Faisalabad,12/3/1975
385,10/10/2020 0:00,Cfot,Cfot@gmail.com,Male,41,Operation,48407,104,Punjab,Lahore,3/17/2003
656,9/26/2017 0:00,Fhco,Fhco@gmail.com,Female,15,IT,176067,101,KPK,Kohat,6/25/1998
986,6/1/2022 0:00,Ijeb,Ijeb@gmail.com,Female,47,Finance,372066,102,Punjab,Lahore,2/17/1996
510,7/23/2020 0:00,Lztn,Lztn@gmail.com,Male,27,Finance,107771,102,Sindh,Karachiá,12/12/1978
268,2/16/2016 0:00,Qacl,Qacl@gmail.com,Male,26,HR,228005,111,Sindh,Hyderabadá,9/15/1972
639,4/29/2017 0:00,Lvfu,Lvfu@gmail.com,Male,47,Operation,215409,104,Punjab,Faisalabad,10/27/1978
809,11/20/2022 0:00,Vftq,Vftq@gmail.com,Male,26,IT,129876,101,Sindh,Sukkurá,4/28/1974
767,11/21/2021 0:00,Cgts,Cgts@gmail.com,Female,55,Sales,377534,109,Punjab,Faisalabad,10/6/2002
201,3/3/2020 0:00,Puby,Puby@gmail.com,Female,60,Production,22824,106,KPK,Kohat,5/29/1989
661,4/12/2018 0:00,Murl,Murl@gmail.com,Male,43,IT,252213,101,KPK,Kohat,7/17/1980
665,8/11/2020 0:00,Kesm,Kesm@gmail.com,Female,52,Risk Management,413873,105,Balochistan,Quetta,3/2/1984
989,10/13/2019 0:00,Wyjg,Wyjg@gmail.com,Male,32,HR,63465,111,Sindh,Sukkurá,5/14/1997
405,6/12/2024 0:00,Puwy,Puwy@gmail.com,Male,26,Administration,438392,110,Punjab,Lahore,11/15/1982
682,9/5/2017 0:00,Rhni,Rhni@gmail.com,Female,17,IT,10546,101,KPK,Peshawar,8/15/2000
560,3/1/2020 0:00,Iexo,Iexo@gmail.com,Male,22,Finance,373701,102,Sindh,Hyderabadá,9/20/1979
873,1/14/2017 0:00,Iedt,Iedt@gmail.com,Male,15,Operation,28985,104,KPK,Kohat,2/5/2001
737,8/5/2024 0:00,Diqp,Diqp@gmail.com,Male,16,Supply Chain,493870,103,Punjab,Faisalabad,6/18/1984
713,9/24/2024 0:00,Nblz,Nblz@gmail.com,Female,29,Operation,499140,104,Balochistan,Quetta,2/22/1975
681,8/16/2021 0:00,Fahd,Fahd@gmail.com,Female,59,Administration,120944,110,Balochistan,Quetta,4/20/1990
628,3/7/2024 0:00,Ndpw,Ndpw@gmail.com,Female,40,Production,346362,106,Sindh,Hyderabadá,5/31/1983
529,8/13/2025 0:00,Dcjz,Dcjz@gmail.com,Male,25,Audit,450924,108,Punjab,Faisalabad,3/13/1988
953,5/16/2018 0:00,Lxuw,Lxuw@gmail.com,Female,16,Operation,66846,104,KPK,Kohat,12/17/1979
703,6/28/2016 0:00,Fgja,Fgja@gmail.com,Male,17,Finance,411173,102,Punjab,Faisalabad,5/27/1976
505,5/10/2021 0:00,Tucn,Tucn@gmail.com,Female,55,Supply Chain,98106,103,Punjab,Lahore,6/30/1978
530,12/9/2020 0:00,Sief,Sief@gmail.com,Female,27,Social Media,116815,107,Punjab,Faisalabad,11/20/1992
258,4/23/2024 0:00,Nwem,Nwem@gmail.com,Female,37,Production,487660,106,Punjab,Faisalabad,9/8/1978
992,3/18/2022 0:00,Xlub,Xlub@gmail.com,Female,39,Production,267255,106,Balochistan,Quetta,10/6/1979
787,10/6/2016 0:00,Cxpq,Cxpq@gmail.com,Female,51,Social Media,147884,107,Balochistan,Quetta,6/21/1982
735,8/18/2016 0:00,Myzz,Myzz@gmail.com,Female,48,IT,215697,101,Punjab,Faisalabad,7/20/1983
418,10/24/2024 0:00,Jcwx,Jcwx@gmail.com,Female,16,Audit,262748,108,Sindh,Sukkurá,7/5/1972
445,2/27/2016 0:00,Ovvh,Ovvh@gmail.com,Male,40,Social Media,160318,107,Balochistan,Turbat,11/22/1982
260,7/30/2023 0:00,Bcsi,Bcsi@gmail.com,Female,48,Sales,172345,109,KPK,Kohat,1/22/1987
420,10/18/2024 0:00,Wthw,Wthw@gmail.com,Male,40,Audit,321581,108,Sindh,Karachiá,3/26/2000
380,4/29/2024 0:00,Ndvu,Ndvu@gmail.com,Male,51,Risk Management,144517,105,Sindh,Karachiá,10/12/2001
158,5/11/2020 0:00,Xege,Xege@gmail.com,Male,34,Administration,317797,110,KPK,Peshawar,10/31/1978
251,10/25/2016 0:00,Ceum,Ceum@gmail.com,Female,52,IT,108437,101,Balochistan,Quetta,11/27/1980
155,12/20/2022 0:00,Rzts,Rzts@gmail.com,Male,44,Administration,150945,110,KPK,Peshawar,2/6/1991
708,4/7/2019 0:00,Erzh,Erzh@gmail.com,Female,47,Supply Chain,183588,103,Sindh,Sukkurá,7/29/2005
157,3/7/2020 0:00,Avrf,Avrf@gmail.com,Male,29,HR,419071,111,Punjab,Lahore,11/22/1978
582,9/27/2020 0:00,Hiha,Hiha@gmail.com,Male,36,Risk Management,373592,105,Balochistan,Turbat,9/5/1978
816,7/4/2017 0:00,Fkgx,Fkgx@gmail.com,Female,54,Audit,276600,108,KPK,Kohat,10/24/1993
237,2/9/2022 0:00,Jdpk,Jdpk@gmail.com,Female,17,Sales,381911,109,Sindh,Sukkurá,12/12/2005
758,8/21/2023 0:00,Ycxu,Ycxu@gmail.com,Female,29,Risk Management,157865,105,KPK,Kohat,6/29/1985
803,8/22/2019 0:00,Tytd,Tytd@gmail.com,Female,60,Finance,282145,102,Balochistan,Quetta,4/28/1986
213,4/8/2019 0:00,Bezb,Bezb@gmail.com,Male,18,HR,327100,111,Balochistan,Turbat,8/11/1986
736,5/2/2017 0:00,Aoyo,Aoyo@gmail.com,Female,50,Supply Chain,366190,103,KPK,Kohat,5/16/1971
373,9/3/2020 0:00,Qhpy,Qhpy@gmail.com,Female,58,Sales,378358,109,KPK,Kohat,12/1/1972
160,4/2/2017 0:00,Srgl,Srgl@gmail.com,Male,48,Audit,287026,108,KPK,Kohat,4/5/1978
409,7/29/2025 0:00,Abym,Abym@gmail.com,Female,54,Audit,488649,108,Punjab,Lahore,12/26/1985
374,12/30/2023 0:00,Xylb,Xylb@gmail.com,Male,51,Audit,302419,108,Balochistan,Quetta,1/5/1980
430,10/27/2020 0:00,Agpf,Agpf@gmail.com,Female,42,HR,347780,111,KPK,Kohat,5/14/1983
535,9/8/2016 0:00,Xjgk,Xjgk@gmail.com,Male,33,Production,21394,106,Sindh,Karachiá,2/22/1989
141,11/1/2023 0:00,Nehr,Nehr@gmail.com,Female,27,IT,244527,101,KPK,Kohat,2/19/1997
907,1/28/2025 0:00,Sgsn,Sgsn@gmail.com,Female,41,Finance,112142,102,KPK,Kohat,5/14/1991
604,6/17/2017 0:00,Rhed,Rhed@gmail.com,Female,58,Finance,255724,102,Sindh,Hyderabadá,2/1/1970
655,9/19/2021 0:00,Lnkt,Lnkt@gmail.com,Female,58,Administration,73362,110,Sindh,Karachiá,12/8/1995
341,5/2/2022 0:00,Qozh,Qozh@gmail.com,Male,36,Social Media,372852,107,Sindh,Hyderabadá,1/20/1975
777,4/1/2020 0:00,Oucb,Oucb@gmail.com,Male,40,Social Media,307069,107,Sindh,Karachiá,6/23/1992
296,7/23/2025 0:00,Ajrb,Ajrb@gmail.com,Male,43,IT,108811,101,Balochistan,Quetta,8/26/1972
120,3/29/2020 0:00,Jilh,Jilh@gmail.com,Female,47,Risk Management,42274,105,Punjab,Lahore,6/9/1982
358,6/3/2016 0:00,Pkgw,Pkgw@gmail.com,Male,21,Supply Chain,264366,103,Punjab,Lahore,10/1/2003
364,7/16/2016 0:00,Jrpm,Jrpm@gmail.com,Male,17,Finance,243671,102,Sindh,Hyderabadá,5/18/1989
221,4/18/2022 0:00,Xxqw,Xxqw@gmail.com,Male,54,Production,241320,106,Balochistan,Quetta,9/24/1980
679,9/3/2025 0:00,Lqsv,Lqsv@gmail.com,Female,19,Finance,330755,102,Balochistan,Turbat,5/1/1989
578,4/20/2022 0:00,Ljnj,Ljnj@gmail.com,Female,48,Finance,392160,102,Sindh,Hyderabadá,5/2/1986
448,9/6/2022 0:00,Hbrr,Hbrr@gmail.com,Male,48,Risk Management,250360,105,Sindh,Karachiá,9/30/2003
226,8/29/2023 0:00,Vatm,Vatm@gmail.com,Female,27,Administration,105658,110,KPK,Kohat,2/16/1993
997,8/7/2025 0:00,Bvjr,Bvjr@gmail.com,Female,24,Supply Chain,359734,103,Balochistan,Quetta,9/22/1980
433,6/2/2020 0:00,Ffeh,Ffeh@gmail.com,Male,15,Audit,49372,108,Balochistan,Turbat,2/12/1981
132,7/12/2018 0:00,Xxhd,Xxhd@gmail.com,Female,33,Production,303225,106,Punjab,Lahore,2/15/1980
342,4/2/2018 0:00,Pema,Pema@gmail.com,Female,18,IT,310971,101,KPK,Peshawar,9/30/1989
546,10/23/2018 0:00,Qytz,Qytz@gmail.com,Female,28,Supply Chain,138419,103,Punjab,Faisalabad,8/12/1999
699,7/22/2020 0:00,Wfdf,Wfdf@gmail.com,Female,54,Operation,47348,104,Balochistan,Turbat,10/12/1981
928,5/12/2024 0:00,Vvnx,Vvnx@gmail.com,Male,18,Social Media,144584,107,Sindh,Sukkurá,12/4/1976
157,9/27/2018 0:00,Rgvm,Rgvm@gmail.com,Female,39,Social Media,183177,107,KPK,Peshawar,12/3/1993
244,1/14/2017 0:00,Mcqe,Mcqe@gmail.com,Female,28,Audit,358101,108,KPK,Kohat,11/30/1982
834,1/5/2019 0:00,Amhv,Amhv@gmail.com,Female,21,Supply Chain,25438,103,KPK,Kohat,2/15/1998
752,2/28/2019 0:00,Lylx,Lylx@gmail.com,Female,54,IT,411071,101,Punjab,Lahore,5/7/1994
201,9/24/2017 0:00,Rxgy,Rxgy@gmail.com,Female,46,Risk Management,7691,105,Sindh,Karachiá,11/21/1984
633,1/17/2024 0:00,Ustn,Ustn@gmail.com,Female,24,Audit,241844,108,Sindh,Hyderabadá,12/10/1992
696,11/28/2019 0:00,Rlxp,Rlxp@gmail.com,Female,48,HR,376879,111,Punjab,Lahore,6/27/1996
512,9/6/2016 0:00,Sbra,Sbra@gmail.com,Female,59,Operation,396092,104,Sindh,Karachiá,11/1/1976
350,10/2/2018 0:00,Oult,Oult@gmail.com,Female,17,HR,31035,111,KPK,Peshawar,8/5/1994
531,12/31/2019 0:00,Taic,Taic@gmail.com,Male,24,Finance,387689,102,Balochistan,Quetta,10/10/1977
799,12/22/2025 0:00,Gldi,Gldi@gmail.com,Female,30,Social Media,36122,107,Balochistan,Quetta,9/19/1999
833,2/4/2017 0:00,Vikl,Vikl@gmail.com,Male,23,Sales,183596,109,KPK,Kohat,12/1/1982
517,4/30/2017 0:00,Tqmp,Tqmp@gmail.com,Male,36,Sales,37886,109,Balochistan,Quetta,9/22/1989
399,2/7/2018 0:00,Ycde,Ycde@gmail.com,Female,22,Production,252704,106,Punjab,Faisalabad,3/17/1988
732,4/4/2021 0:00,Wwwl,Wwwl@gmail.com,Male,56,Supply Chain,396914,103,Punjab,Lahore,8/24/1991
827,1/27/2017 0:00,Bfxr,Bfxr@gmail.com,Male,46,Supply Chain,459800,103,Punjab,Lahore,11/19/1987
